date,sge_cny_per_g,usd_cny,sge_usd_per_oz,world_gold_usd,spread_usd,premium_percent
2016-04-18,257.29,6.6712,1199.58,1305.8,-106.22,-8.13
2016-04-19,259.97,6.6712,1212.07,1305.8,-93.73,-7.18
2016-04-20,261.82,6.6712,1220.7,1305.8,-85.1,-6.52
2016-04-21,260.41,6.6712,1214.12,1305.8,-91.68,-7.02
2016-04-24,258.8,6.6712,1206.62,1305.8,-99.18,-7.6
2016-04-25,258.53,6.6712,1205.36,1305.8,-100.44,-7.69
2016-04-26,259.9,6.6712,1211.75,1305.8,-94.05,-7.2
2016-04-27,261.88,6.6712,1220.98,1305.8,-84.82,-6.5
2016-04-28,265.54,6.6712,1238.04,1305.8,-67.76,-5.19
2016-05-02,269.06,6.6712,1254.45,1305.8,-51.35,-3.93
2016-05-03,268.02,6.6712,1249.6,1305.8,-56.2,-4.3
2016-05-04,267.97,6.6712,1249.37,1305.8,-56.43,-4.32
2016-05-05,267.52,6.6712,1247.27,1305.8,-58.53,-4.48
2016-05-08,268.27,6.6712,1250.77,1305.8,-55.03,-4.21
2016-05-09,265.72,6.6712,1238.88,1305.8,-66.92,-5.12
2016-05-10,267.09,6.6712,1245.27,1305.8,-60.53,-4.64
2016-05-11,266.5,6.6712,1242.52,1305.8,-63.28,-4.85
2016-05-12,267.51,6.6712,1247.23,1305.8,-58.57,-4.49
2016-05-15,269.39,6.6712,1255.99,1305.8,-49.81,-3.81
2016-05-16,267.85,6.6712,1248.81,1305.8,-56.99,-4.36
2016-05-17,268.15,6.6712,1250.21,1305.8,-55.59,-4.26
2016-05-18,264.47,6.6712,1233.05,1305.8,-72.75,-5.57
2016-05-19,264.46,6.6712,1233.01,1305.8,-72.79,-5.57
2016-05-22,263.96,6.6712,1230.67,1305.8,-75.13,-5.75
2016-05-23,262.98,6.6712,1226.11,1305.8,-79.69,-6.1
2016-05-24,258.68,6.6712,1206.06,1305.8,-99.74,-7.64
2016-05-25,259.6,6.6712,1210.35,1305.8,-95.45,-7.31
2016-05-26,258.36,6.6712,1204.57,1305.8,-101.23,-7.75
2016-05-29,254.94,6.6712,1188.62,1305.8,-117.18,-8.97
2016-05-30,257.26,6.6712,1199.44,1305.8,-106.36,-8.15
2016-05-31,258.17,6.6712,1203.68,1305.8,-102.12,-7.82
2016-06-01,257.56,6.6712,1200.84,1305.8,-104.96,-8.04
2016-06-02,257.01,6.6712,1198.27,1305.8,-107.53,-8.23
2016-06-05,262.51,6.6712,1223.91,1305.8,-81.89,-6.27
2016-06-06,263.17,6.6712,1226.99,1305.8,-78.81,-6.04
2016-06-07,264.66,6.6712,1233.94,1305.8,-71.86,-5.5
2016-06-12,271.99,6.6712,1268.11,1305.8,-37.69,-2.89
2016-06-13,271.15,6.6712,1264.2,1305.8,-41.6,-3.19
2016-06-14,273.14,6.6712,1273.47,1305.8,-32.33,-2.48
2016-06-15,277.07,6.6712,1291.8,1305.8,-14.0,-1.07
2016-06-16,272.38,6.6712,1269.93,1305.8,-35.87,-2.75
2016-06-19,272.19,6.6712,1269.05,1305.8,-36.75,-2.81
2016-06-20,271.86,6.6712,1267.51,1305.8,-38.29,-2.93
2016-06-21,268.0,6.6712,1249.51,1305.8,-56.29,-4.31
2016-06-22,268.66,6.6712,1252.59,1305.8,-53.21,-4.08
2016-06-23,278.92,6.6712,1300.42,1305.8,-5.38,-0.41
2016-06-26,283.43,6.6712,1321.45,1305.8,15.65,1.2
2016-06-27,282.15,6.6712,1315.48,1305.8,9.68,0.74
2016-06-28,282.87,6.6712,1318.84,1305.8,13.04,1.0
2016-06-29,281.78,6.6712,1313.76,1305.8,7.96,0.61
2016-06-30,285.5,6.6712,1331.1,1305.8,25.3,1.94
2016-07-03,290.01,6.6712,1352.13,1305.8,46.33,3.55
2016-07-04,288.48,6.6712,1345.0,1305.8,39.2,3.0
2016-07-05,295.0,6.6712,1375.39,1305.8,69.59,5.33
2016-07-06,294.43,6.6712,1372.74,1305.8,66.94,5.13
2016-07-07,292.05,6.6712,1361.64,1305.8,55.84,4.28
2016-07-10,293.48,6.6712,1368.31,1305.8,62.51,4.79
2016-07-11,291.86,6.6712,1360.75,1305.8,54.95,4.21
2016-07-12,288.16,6.6712,1343.5,1305.8,37.7,2.89
2016-07-13,287.6,6.6712,1340.89,1305.8,35.09,2.69
2016-07-14,286.62,6.6712,1336.32,1305.8,30.52,2.34
2016-07-17,286.77,6.6712,1337.02,1305.8,31.22,2.39
2016-07-18,286.57,6.6712,1336.09,1305.8,30.29,2.32
2016-07-19,286.5,6.6712,1335.76,1305.8,29.96,2.29
2016-07-20,282.96,6.6712,1319.26,1305.8,13.46,1.03
2016-07-21,284.88,6.6712,1328.21,1305.8,22.41,1.72
2016-07-24,283.41,6.6712,1321.36,1305.8,15.56,1.19
2016-07-25,283.71,6.6712,1322.76,1305.8,16.96,1.3
2016-07-26,283.17,6.6712,1320.24,1305.8,14.44,1.11
2016-07-27,287.55,6.6712,1340.66,1305.8,34.86,2.67
2016-07-28,286.01,6.6712,1333.48,1305.8,27.68,2.12
2016-07-31,287.95,6.6712,1342.52,1305.8,36.72,2.81
2016-08-01,289.32,6.6712,1348.91,1305.8,43.11,3.3
2016-08-02,291.42,6.6712,1358.7,1305.8,52.9,4.05
2016-08-03,289.08,6.6712,1347.79,1305.8,41.99,3.22
2016-08-04,292.05,6.6712,1361.64,1305.8,55.84,4.28
2016-08-07,286.54,6.6712,1335.95,1305.8,30.15,2.31
2016-08-08,285.87,6.6712,1332.83,1305.8,27.03,2.07
2016-08-09,289.47,6.6712,1349.61,1305.8,43.81,3.36
2016-08-10,287.36,6.6712,1339.77,1305.8,33.97,2.6
2016-08-11,286.95,6.6712,1337.86,1305.8,32.06,2.46
2016-08-14,286.97,6.6712,1337.95,1305.8,32.15,2.46
2016-08-15,288.47,6.6712,1344.95,1305.8,39.15,3.0
2016-08-16,287.39,6.6712,1339.91,1305.8,34.11,2.61
2016-08-17,288.84,6.6712,1346.67,1305.8,40.87,3.13
2016-08-18,288.68,6.6712,1345.93,1305.8,40.13,3.07
2016-08-21,286.29,6.6712,1334.78,1305.8,28.98,2.22
2016-08-22,286.56,6.6712,1336.04,1305.8,30.24,2.32
2016-08-23,286.73,6.6712,1336.84,1305.8,31.04,2.38
2016-08-24,284.52,6.6712,1326.53,1305.8,20.73,1.59
2016-08-25,284.44,6.6712,1326.16,1305.8,20.36,1.56
2016-08-28,283.68,6.6712,1322.62,1305.8,16.82,1.29
2016-08-29,284.56,6.6712,1326.72,1305.8,20.92,1.6
2016-08-30,282.78,6.6712,1318.42,1305.8,12.62,0.97
2016-08-31,281.63,6.6712,1313.06,1305.8,7.26,0.56
2016-09-01,282.5,6.6712,1317.11,1305.8,11.31,0.87
2016-09-04,285.24,6.6712,1329.89,1305.8,24.09,1.84
2016-09-05,285.73,6.6712,1332.17,1305.8,26.37,2.02
2016-09-06,290.13,6.6712,1352.69,1305.8,46.89,3.59
2016-09-07,289.35,6.6712,1349.05,1305.8,43.25,3.31
2016-09-08,287.75,6.6712,1341.59,1305.8,35.79,2.74
2016-09-11,286.04,6.6712,1333.62,1305.8,27.82,2.13
2016-09-12,286.14,6.6712,1334.09,1305.8,28.29,2.17
2016-09-13,284.41,6.6712,1326.02,1305.8,20.22,1.55
2016-09-18,283.49,6.6707,1321.83,1305.8,16.03,1.23
2016-09-19,283.29,6.6662,1321.79,1313.5,8.29,0.63
2016-09-20,284.17,6.6695,1325.24,1313.7,11.54,0.88
2016-09-21,286.63,6.6736,1335.89,1326.9,8.99,0.68
2016-09-22,286.95,6.6638,1339.35,1340.4,-1.05,-0.08
2016-09-25,287.06,6.6572,1341.19,1340.4,0.79,0.06
2016-09-26,286.85,6.6677,1338.1,1339.7,-1.6,-0.12
2016-09-27,285.02,6.6698,1329.14,1325.9,3.24,0.24
2016-09-28,284.4,6.6752,1325.18,1319.4,5.78,0.44
2016-09-29,284.88,6.6687,1328.71,1321.7,7.01,0.53
2016-10-09,273.07,6.6769,1272.06,1321.7,-49.64,-3.76
2016-10-10,272.9,6.7077,1265.43,1321.7,-56.27,-4.26
2016-10-11,272.36,6.7235,1259.96,1253.0,6.96,0.56
2016-10-12,273.81,6.7188,1267.55,1251.1,16.45,1.32
2016-10-13,272.68,6.7293,1260.35,1255.0,5.35,0.43
2016-10-16,273.03,6.731,1261.65,1255.0,6.65,0.53
2016-10-17,273.84,6.7315,1265.3,1254.4,10.9,0.87
2016-10-18,274.43,6.743,1265.86,1260.8,5.06,0.4
2016-10-19,276.34,6.7354,1276.11,1267.9,8.21,0.65
2016-10-20,275.58,6.743,1271.17,1265.6,5.57,0.44
2016-10-23,276.41,6.7663,1270.61,1265.6,5.01,0.4
2016-10-24,276.93,6.7762,1271.14,1262.0,9.14,0.72
2016-10-25,278.55,6.7806,1277.74,1271.9,5.84,0.46
2016-10-26,277.64,6.7697,1275.62,1264.8,10.82,0.86
2016-10-27,277.78,6.7848,1273.42,1267.9,5.52,0.44
2016-10-30,279.25,6.7848,1280.16,1267.9,12.26,0.97
2016-10-31,279.95,6.7834,1283.64,1271.5,12.14,0.95
2016-11-01,282.08,6.7746,1295.08,1286.4,8.68,0.67
2016-11-02,283.75,6.7663,1304.35,1306.8,-2.45,-0.19
2016-11-03,283.0,6.7471,1304.6,1302.1,2.5,0.19
2016-11-06,281.99,6.7471,1299.95,1302.1,-2.15,-0.17
2016-11-07,280.9,6.7555,1293.31,1278.3,15.01,1.17
2016-11-08,288.63,6.7741,1325.25,1273.4,51.85,4.07
2016-11-09,282.7,6.7848,1295.98,1272.6,23.38,1.84
2016-11-10,277.87,6.7787,1274.98,1265.5,9.48,0.75
2016-11-13,269.5,6.7787,1236.58,1265.5,-28.92,-2.29
2016-11-14,272.48,6.8051,1245.4,1221.2,24.2,1.98
2016-11-15,274.03,6.8457,1245.06,1224.0,21.06,1.72
2016-11-16,273.11,6.8581,1238.63,1223.4,15.23,1.25
2016-11-17,270.34,6.7892,1238.51,1216.5,22.01,1.81
2016-11-20,271.74,6.7892,1244.93,1216.5,28.43,2.34
2016-11-21,273.49,6.8925,1234.17,1209.6,24.57,2.03
2016-11-22,272.72,6.8889,1231.33,1211.0,20.33,1.68
2016-11-23,269.95,6.8893,1218.76,1189.1,29.66,2.49
2016-11-24,266.77,6.9102,1200.76,1189.1,11.66,0.98
2016-11-27,270.23,6.9102,1216.33,1189.1,27.23,2.29
2016-11-28,269.28,6.9217,1210.04,1190.6,19.44,1.63
2016-11-29,267.74,6.9063,1205.8,1187.9,17.9,1.51
2016-11-30,265.59,6.8973,1197.68,1170.8,26.88,2.3
2016-12-01,265.15,6.8908,1196.83,1166.9,29.93,2.56
2016-12-04,265.48,6.8908,1198.32,1166.9,31.42,2.69
2016-12-05,264.59,6.8855,1195.22,1174.0,21.22,1.81
2016-12-06,264.39,6.871,1196.83,1167.6,29.23,2.5
2016-12-07,266.7,6.872,1207.12,1175.0,32.12,2.73
2016-12-08,265.82,6.8705,1203.4,1169.8,33.6,2.87
2016-12-11,264.12,6.8705,1195.7,1169.8,25.9,2.21
2016-12-12,264.93,6.9067,1193.08,1163.5,29.58,2.54
2016-12-13,264.99,6.8969,1195.05,1156.7,38.35,3.32
2016-12-14,263.45,6.8917,1189.0,1161.3,27.7,2.39
2016-12-15,261.75,6.9038,1179.25,1127.8,51.45,4.56
2016-12-18,262.78,6.9038,1183.89,1127.8,56.09,4.97
2016-12-19,262.19,6.9583,1171.98,1140.5,31.48,2.76
2016-12-20,260.77,6.953,1166.53,1131.5,35.03,3.1
2016-12-21,259.34,6.9498,1160.66,1131.1,29.56,2.61
2016-12-22,259.85,6.9414,1164.35,1128.8,35.55,3.15
2016-12-25,260.4,6.9414,1166.82,1128.8,38.02,3.37
2016-12-26,261.05,6.9453,1169.07,1128.8,40.27,3.57
2016-12-27,262.04,6.9447,1173.61,1137.3,36.31,3.19
2016-12-28,262.58,6.9425,1176.4,1139.4,37.0,3.25
2016-12-29,264.7,6.9581,1183.24,1156.4,26.84,2.32
2017-01-02,264.3,6.9438,1183.88,1156.4,27.48,2.38
2017-01-03,264.77,6.944,1185.95,1160.4,25.55,2.2
2017-01-04,264.87,6.9598,1183.71,1163.8,19.91,1.71
2017-01-05,264.97,6.9251,1190.09,1179.7,10.39,0.88
2017-01-08,265.71,6.9251,1193.41,1179.7,13.71,1.16
2017-01-09,268.41,6.9175,1206.86,1183.5,23.36,1.97
2017-01-10,269.0,6.9367,1206.17,1184.2,21.97,1.86
2017-01-11,269.25,6.9212,1209.99,1195.6,14.39,1.2
2017-01-12,268.96,6.9361,1206.09,1198.9,7.19,0.6
2017-01-15,270.15,6.9361,1211.43,1198.9,12.53,1.05
2017-01-16,272.18,6.8988,1227.13,1198.9,28.23,2.35
2017-01-17,271.12,6.891,1223.74,1212.0,11.74,0.97
2017-01-18,268.26,6.8446,1219.04,1211.3,7.74,0.64
2017-01-19,268.92,6.838,1223.22,1200.9,22.32,1.86
2017-01-22,270.74,6.838,1231.49,1200.9,30.59,2.55
2017-01-23,269.7,6.8755,1220.07,1215.0,5.07,0.42
2017-01-24,267.84,6.844,1217.23,1210.3,6.93,0.57
2017-01-25,266.82,6.849,1211.71,1197.3,14.41,1.2
2017-02-02,269.52,6.8809,1218.3,1216.7,1.6,0.13
2017-02-05,271.92,6.8809,1229.15,1216.7,12.45,1.02
2017-02-06,274.38,6.8722,1241.84,1230.0,11.84,0.96
2017-02-07,275.01,6.8636,1246.25,1234.2,12.05,0.98
2017-02-08,276.5,6.8845,1249.2,1237.6,11.6,0.94
2017-02-09,273.14,6.8725,1236.17,1235.1,1.07,0.09
2017-02-12,274.26,6.8725,1241.24,1235.1,6.14,0.5
2017-02-13,274.1,6.8952,1236.43,1224.4,12.03,0.98
2017-02-14,273.34,6.8795,1235.82,1223.9,11.92,0.97
2017-02-15,274.79,6.8668,1244.67,1231.7,12.97,1.05
2017-02-16,275.89,6.8684,1249.36,1240.0,9.36,0.76
2017-02-19,275.04,6.8684,1245.52,1240.0,5.52,0.44
2017-02-20,275.19,6.8557,1248.5,1240.0,8.5,0.69
2017-02-21,275.8,6.8781,1247.2,1237.5,9.7,0.78
2017-02-22,275.93,6.8826,1246.97,1232.0,14.97,1.21
2017-02-23,279.76,6.8737,1265.91,1250.2,15.71,1.26
2017-02-26,280.57,6.8737,1269.58,1250.2,19.38,1.55
2017-02-27,279.65,6.9007,1260.46,1257.4,3.06,0.24
2017-02-28,278.11,6.8701,1259.11,1252.6,6.51,0.52
2017-03-01,278.27,6.8664,1260.51,1248.9,11.61,0.93
2017-03-02,276.09,6.8822,1247.76,1231.9,15.86,1.29
2017-03-05,276.61,6.8822,1250.11,1231.9,18.21,1.48
2017-03-06,275.49,6.8962,1242.52,1224.5,18.02,1.47
2017-03-07,274.09,6.8967,1236.12,1215.1,21.02,1.73
2017-03-08,271.92,6.9023,1225.34,1208.5,16.84,1.39
2017-03-09,270.31,6.9119,1216.39,1202.4,13.99,1.16
2017-03-12,272.49,6.9119,1226.2,1202.4,23.8,1.98
2017-03-13,271.47,6.8566,1231.46,1202.4,29.06,2.42
2017-03-14,271.58,6.913,1221.91,1201.9,20.01,1.67
2017-03-15,275.79,6.9145,1240.59,1200.1,40.49,3.37
2017-03-16,275.78,6.9136,1240.7,1226.5,14.2,1.16
2017-03-19,276.93,6.9136,1245.88,1226.5,19.38,1.58
2017-03-20,275.98,6.9041,1243.31,1233.6,9.71,0.79
2017-03-21,278.46,6.906,1254.14,1246.1,8.04,0.65
2017-03-22,278.38,6.8849,1257.62,1249.3,8.32,0.67
2017-03-23,277.94,6.883,1255.98,1246.9,9.08,0.73
2017-03-26,280.61,6.8535,1273.5,1246.9,26.6,2.13
2017-03-27,280.17,6.8721,1268.06,1255.4,12.66,1.01
2017-03-28,279.64,6.8783,1264.52,1255.3,9.22,0.73
2017-03-29,279.7,6.8877,1263.07,1253.4,9.67,0.77
2017-03-30,277.99,6.889,1255.11,1245.0,10.11,0.81
2017-04-04,280.03,6.8852,1265.02,1255.0,10.02,0.8
2017-04-05,280.42,6.8939,1265.18,1245.4,19.78,1.59
2017-04-06,283.18,6.8978,1276.91,1250.3,26.61,2.13
2017-04-09,281.52,6.9057,1267.97,1250.3,17.67,1.41
2017-04-10,281.53,6.9033,1268.46,1251.1,17.36,1.39
2017-04-11,284.53,6.8908,1284.3,1271.2,13.1,1.03
2017-04-12,286.25,6.8909,1292.05,1275.3,16.75,1.31
2017-04-13,286.8,6.8865,1295.36,1285.9,9.46,0.74
2017-04-16,286.48,6.891,1293.07,1285.9,7.17,0.56
2017-04-17,286.03,6.8686,1295.25,1289.4,5.85,0.45
2017-04-18,285.75,6.8819,1291.48,1291.7,-0.22,-0.02
2017-04-19,285.23,6.886,1288.36,1281.4,6.96,0.54
2017-04-20,285.11,6.8817,1288.62,1281.9,6.72,0.52
2017-04-23,283.49,6.7921,1298.2,1281.9,16.3,1.27
2017-04-24,283.39,6.8825,1280.7,1275.8,4.9,0.38
2017-04-25,282.17,6.8817,1275.33,1265.6,9.73,0.77
2017-04-26,282.81,6.8921,1276.3,1262.1,14.2,1.12
2017-04-27,282.67,6.8969,1274.78,1263.7,11.08,0.88
2017-05-01,280.79,6.893,1267.02,1253.3,13.72,1.09
2017-05-02,280.04,6.8935,1263.54,1255.1,8.44,0.67
2017-05-03,276.41,6.8967,1246.58,1246.4,0.18,0.01
2017-05-04,275.73,6.8954,1243.75,1226.5,17.25,1.41
2017-05-07,275.3,6.8847,1243.74,1226.5,17.24,1.41
2017-05-08,274.59,6.9045,1236.98,1225.3,11.68,0.95
2017-05-09,273.91,6.9071,1233.45,1214.3,19.15,1.58
2017-05-10,274.02,6.903,1234.68,1217.3,17.38,1.43
2017-05-11,274.9,6.9037,1238.52,1222.7,15.82,1.29
2017-05-14,275.73,6.9021,1242.54,1222.7,19.84,1.62
2017-05-15,276.49,6.894,1247.43,1228.6,18.83,1.53
2017-05-16,277.63,6.8886,1253.56,1235.0,18.56,1.5
2017-05-17,280.6,6.8813,1268.31,1257.5,10.81,0.86
2017-05-18,279.28,6.8891,1260.92,1251.7,9.22,0.74
2017-05-21,279.76,6.8539,1269.57,1251.7,17.87,1.43
2017-05-22,281.41,6.8844,1271.4,1260.7,10.7,0.85
2017-05-23,278.55,6.8912,1257.24,1254.8,2.44,0.19
2017-05-24,280.04,6.89,1264.18,1252.4,11.78,0.94
2017-05-25,279.6,6.8677,1266.29,1255.8,10.49,0.84
2017-05-30,278.9,6.8558,1265.32,1262.1,3.22,0.25
2017-05-31,278.63,6.8112,1272.37,1272.0,0.37,0.03
2017-06-01,277.96,6.8086,1269.79,1267.0,2.79,0.22
2017-06-04,281.35,6.8128,1284.49,1267.0,17.49,1.38
2017-06-05,282.97,6.8028,1293.78,1279.3,14.48,1.13
2017-06-06,283.67,6.7957,1298.34,1294.4,3.94,0.3
2017-06-07,283.13,6.7975,1295.52,1290.1,5.42,0.42
2017-06-08,280.3,6.7992,1282.25,1276.3,5.95,0.47
2017-06-11,278.7,6.7848,1277.64,1276.3,1.34,0.11
2017-06-12,278.36,6.7976,1273.68,1266.1,7.58,0.6
2017-06-13,279.07,6.7988,1276.7,1265.8,10.9,0.86
2017-06-14,277.37,6.791,1270.38,1272.8,-2.42,-0.19
2017-06-15,276.75,6.8085,1264.29,1252.2,12.09,0.97
2017-06-18,276.18,6.8034,1262.63,1252.2,10.43,0.83
2017-06-19,275.91,6.8197,1258.38,1244.2,14.18,1.14
2017-06-20,275.69,6.8264,1256.14,1241.0,15.14,1.22
2017-06-21,277.3,6.8283,1263.12,1243.4,19.72,1.59
2017-06-22,277.76,6.8346,1264.05,1247.6,16.45,1.32
2017-06-25,278.03,6.8342,1265.36,1247.6,17.76,1.42
2017-06-26,276.41,6.8398,1256.95,1246.3,10.65,0.85
2017-06-27,276.11,6.8126,1260.6,1246.4,14.2,1.14
2017-06-28,275.59,6.8,1260.56,1248.0,12.56,1.01
2017-06-29,273.0,6.7857,1251.34,1244.2,7.14,0.57
2017-07-02,271.87,6.7781,1247.56,1244.2,3.36,0.27
2017-07-03,269.73,6.7998,1233.79,1217.9,15.89,1.3
2017-07-04,270.0,6.7987,1235.23,1217.9,17.33,1.42
2017-07-05,270.35,6.8008,1236.45,1220.4,16.05,1.31
2017-07-06,269.52,6.7999,1232.81,1222.2,10.61,0.87
2017-07-09,266.45,6.8029,1218.23,1222.2,-3.97,-0.32
2017-07-10,267.3,6.8029,1222.12,1212.1,10.02,0.83
2017-07-11,268.58,6.8017,1228.19,1213.6,14.59,1.2
2017-07-12,268.9,6.788,1232.13,1218.1,14.03,1.15
2017-07-13,267.99,6.7826,1228.94,1216.3,12.64,1.04
2017-07-16,270.16,6.7405,1246.63,1216.3,30.33,2.49
2017-07-17,271.17,6.7695,1245.93,1232.8,13.13,1.07
2017-07-18,271.39,6.7454,1251.4,1241.1,10.3,0.83
2017-07-19,271.36,6.7513,1250.17,1241.2,8.97,0.72
2017-07-20,272.69,6.7589,1254.88,1244.8,10.08,0.81
2017-07-23,273.84,6.7197,1267.52,1244.8,22.72,1.83
2017-07-24,274.4,6.7501,1264.4,1253.9,10.5,0.84
2017-07-25,271.95,6.7498,1253.16,1251.7,1.46,0.12
2017-07-26,274.74,6.754,1265.23,1249.0,16.23,1.3
2017-07-27,274.79,6.74,1268.09,1259.6,8.49,0.67
2017-07-30,275.46,6.7389,1271.39,1259.6,11.79,0.94
2017-07-31,275.37,6.7255,1273.51,1266.6,6.91,0.55
2017-08-01,274.95,6.7137,1273.8,1272.6,1.2,0.09
2017-08-02,274.22,6.7217,1268.9,1271.8,-2.9,-0.23
2017-08-03,275.47,6.7156,1275.85,1267.8,8.05,0.63
2017-08-06,273.31,6.7657,1256.47,1267.8,-11.33,-0.89
2017-08-07,272.7,6.7215,1261.91,1258.2,3.71,0.29
2017-08-08,273.69,6.7098,1268.7,1256.4,12.3,0.98
2017-08-09,275.77,6.6718,1285.62,1273.0,12.62,0.99
2017-08-10,276.86,6.6458,1295.75,1283.7,12.05,0.94
2017-08-13,276.79,6.662,1292.27,1283.7,8.57,0.67
2017-08-14,274.81,6.6687,1281.74,1284.2,-2.46,-0.19
2017-08-15,274.62,6.6844,1277.85,1273.7,4.15,0.33
2017-08-16,277.03,6.6897,1288.04,1276.9,11.14,0.87
2017-08-17,277.46,6.6777,1292.36,1286.4,5.96,0.46
2017-08-20,277.02,6.6687,1292.05,1286.4,5.65,0.44
2017-08-21,276.92,6.6659,1292.12,1290.8,1.32,0.1
2017-08-22,276.92,6.6617,1292.94,1285.1,7.84,0.61
2017-08-23,277.25,6.6583,1295.14,1288.9,6.24,0.48
2017-08-24,276.93,6.6613,1293.06,1286.5,6.56,0.51
2017-08-27,277.98,6.5829,1313.42,1286.5,26.92,2.09
2017-08-28,281.08,6.6074,1323.15,1309.7,13.45,1.03
2017-08-29,278.35,6.5954,1312.68,1313.1,-0.42,-0.03
2017-08-30,277.69,6.5957,1309.51,1308.1,1.41,0.11
2017-08-31,280.2,6.5898,1322.53,1316.2,6.33,0.48
2017-09-03,282.11,6.5465,1340.35,1316.2,24.15,1.83
2017-09-04,281.62,6.5299,1341.42,1316.2,25.22,1.92
2017-09-05,281.79,6.5374,1340.69,1339.2,1.49,0.11
2017-09-06,281.35,6.5212,1341.93,1333.9,8.03,0.6
2017-09-07,281.65,6.4846,1350.94,1345.1,5.84,0.43
2017-09-10,280.95,6.5309,1338.03,1345.1,-7.07,-0.53
2017-09-11,279.84,6.5304,1332.84,1331.0,1.84,0.14
2017-09-12,280.35,6.535,1334.33,1328.0,6.33,0.48
2017-09-13,279.45,6.5422,1328.58,1323.4,5.18,0.39
2017-09-14,280.84,6.5548,1332.63,1324.7,7.93,0.6
2017-09-17,278.98,6.5507,1324.63,1324.7,-0.07,-0.01
2017-09-18,278.5,6.5731,1317.84,1306.3,11.54,0.88
2017-09-19,278.8,6.5833,1317.22,1306.2,11.02,0.84
2017-09-20,276.72,6.5749,1309.06,1312.0,-2.94,-0.22
2017-09-21,276.39,6.59,1304.51,1290.6,13.91,1.08
2017-09-24,276.25,6.6046,1300.96,1290.6,10.36,0.8
2017-09-25,280.78,6.6205,1319.12,1306.8,12.32,0.94
2017-09-26,278.33,6.6396,1303.85,1297.0,6.85,0.53
2017-09-27,276.31,6.6405,1294.21,1283.4,10.81,0.84
2017-09-28,277.52,6.665,1295.1,1285.5,9.6,0.75
2017-10-08,276.23,6.65,1291.99,1285.5,6.49,0.5
2017-10-09,275.86,6.6253,1295.07,1281.8,13.27,1.03
2017-10-10,275.35,6.5714,1303.28,1290.6,12.68,0.98
2017-10-11,276.46,6.5895,1304.93,1285.8,19.13,1.49
2017-10-12,276.33,6.588,1304.62,1293.3,11.32,0.88
2017-10-15,277.48,6.5833,1310.98,1293.3,17.68,1.37
2017-10-16,276.39,6.5885,1304.8,1299.9,4.9,0.38
2017-10-17,275.38,6.622,1293.46,1283.0,10.46,0.82
2017-10-18,274.66,6.6278,1288.95,1279.9,9.05,0.71
2017-10-19,274.96,6.6141,1293.03,1286.9,6.13,0.48
2017-10-22,274.04,6.6388,1283.91,1286.9,-2.99,-0.23
2017-10-23,274.94,6.6383,1288.22,1277.7,10.52,0.82
2017-10-24,273.72,6.636,1282.95,1275.0,7.95,0.62
2017-10-25,274.76,6.6376,1287.51,1275.4,12.11,0.95
2017-10-26,273.07,6.6411,1278.92,1266.3,12.62,1.0
2017-10-29,273.23,6.6411,1279.67,1266.3,13.37,1.06
2017-10-30,273.67,6.659,1278.28,1274.1,4.18,0.33
2017-10-31,273.36,6.6424,1280.03,1267.0,13.03,1.03
2017-11-01,273.21,6.6358,1280.6,1274.1,6.5,0.51
2017-11-02,273.61,6.5994,1289.54,1274.9,14.64,1.15
2017-11-05,273.13,6.5994,1287.28,1274.9,12.38,0.97
2017-11-06,274.39,6.638,1285.7,1279.4,6.3,0.49
2017-11-07,274.41,6.6335,1286.67,1273.7,12.97,1.02
2017-11-08,275.3,6.6398,1289.62,1281.6,8.02,0.63
2017-11-09,276.15,6.6266,1296.17,1285.6,10.57,0.82
2017-11-12,274.79,6.6266,1289.79,1285.6,4.19,0.33
2017-11-13,274.38,6.6393,1285.4,1277.3,8.1,0.63
2017-11-14,274.92,6.6386,1288.07,1281.5,6.57,0.51
2017-11-15,274.3,6.6356,1285.74,1276.5,9.24,0.72
2017-11-16,274.97,6.6356,1288.88,1277.4,11.48,0.9
2017-11-19,276.4,6.6356,1295.59,1277.4,18.19,1.42
2017-11-20,274.74,6.6619,1282.72,1274.6,8.12,0.64
2017-11-21,274.68,6.6335,1287.93,1281.1,6.83,0.53
2017-11-22,274.96,6.6292,1290.08,1291.6,-1.52,-0.12
2017-11-23,275.01,6.6109,1293.89,1291.6,2.29,0.18
2017-11-26,275.17,6.6109,1294.64,1291.6,3.04,0.24
2017-11-27,275.99,6.6012,1300.41,1293.8,6.61,0.51
2017-11-28,276.09,6.5953,1302.04,1294.7,7.34,0.57
2017-11-29,274.14,6.6094,1290.09,1282.1,7.99,0.62
2017-11-30,272.85,6.6083,1284.23,1273.2,11.03,0.87
2017-12-03,272.36,6.6083,1281.92,1273.2,8.72,0.69
2017-12-04,272.83,6.6346,1279.05,1274.3,4.75,0.37
2017-12-05,271.19,6.6189,1274.37,1261.6,12.77,1.01
2017-12-06,269.71,6.6168,1267.82,1262.8,5.02,0.4
2017-12-07,267.66,6.6144,1258.64,1249.8,8.84,0.71
2017-12-10,267.79,6.6144,1259.25,1249.8,9.45,0.76
2017-12-11,267.05,6.6183,1255.03,1243.7,11.33,0.91
2017-12-12,267.09,6.6171,1255.45,1238.5,16.95,1.37
2017-12-13,269.69,6.6204,1267.04,1245.4,21.64,1.74
2017-12-14,269.39,6.6187,1265.95,1253.8,12.15,0.97
2017-12-17,269.66,6.6187,1267.22,1253.8,13.42,1.07
2017-12-18,271.26,6.6149,1275.47,1262.2,13.27,1.05
2017-12-19,270.25,6.6142,1270.86,1260.7,10.16,0.81
2017-12-20,270.01,6.605,1271.5,1266.1,5.4,0.43
2017-12-21,270.32,6.5797,1277.85,1267.3,10.55,0.83
2017-12-24,271.98,6.5797,1285.7,1267.3,18.4,1.45
2017-12-25,272.12,6.5786,1286.58,1267.3,19.28,1.52
2017-12-26,272.74,6.5388,1297.36,1284.1,13.26,1.03
2017-12-27,274.01,6.5431,1302.54,1287.0,15.54,1.21
2017-12-28,273.75,6.5547,1299.0,1294.1,4.9,0.38
2018-01-01,275.0,6.5057,1314.76,1294.1,20.66,1.6
2018-01-02,276.63,6.5058,1322.54,1313.7,8.84,0.67
2018-01-03,275.53,6.494,1319.67,1316.2,3.47,0.26
2018-01-04,276.59,6.5031,1322.89,1319.4,3.49,0.26
2018-01-07,276.59,6.5031,1322.89,1319.4,3.49,0.26
2018-01-08,277.23,6.4875,1329.14,1318.6,10.54,0.8
2018-01-09,276.55,6.4976,1323.82,1311.7,12.12,0.92
2018-01-10,277.91,6.5294,1323.85,1317.4,6.45,0.49
2018-01-11,278.53,6.5072,1331.33,1320.6,10.73,0.81
2018-01-14,279.23,6.5072,1334.68,1320.6,14.08,1.07
2018-01-15,278.95,6.4562,1343.87,1320.6,23.27,1.76
2018-01-16,278.14,6.4352,1344.34,1335.4,8.94,0.67
2018-01-17,276.76,6.4423,1336.2,1338.0,-1.8,-0.13
2018-01-18,275.65,6.4321,1332.95,1326.0,6.95,0.52
2018-01-21,276.19,6.4321,1335.56,1326.0,9.56,0.72
2018-01-22,276.77,6.403,1344.45,1330.9,13.55,1.02
2018-01-23,277.59,6.4044,1348.14,1335.7,12.44,0.93
2018-01-24,279.1,6.4029,1355.79,1355.9,-0.11,-0.01
2018-01-25,277.17,6.3693,1353.52,1362.4,-8.88,-0.65
2018-01-28,276.11,6.3693,1348.34,1362.4,-14.06,-1.03
2018-01-29,273.66,6.3159,1347.67,1351.6,-3.93,-0.29
2018-01-30,274.19,6.3363,1345.94,1335.4,10.54,0.79
2018-01-31,273.65,6.3211,1346.52,1339.0,7.52,0.56
2018-02-01,273.78,6.2882,1354.2,1344.3,9.9,0.74
2018-02-04,271.26,6.2882,1341.74,1344.3,-2.56,-0.19
2018-02-05,272.95,6.3076,1345.95,1333.0,12.95,0.97
2018-02-06,269.22,6.2897,1331.33,1326.1,5.23,0.39
2018-02-07,268.47,6.2825,1329.14,1311.6,17.54,1.34
2018-02-08,269.93,6.2676,1339.55,1316.9,22.65,1.72
2018-02-11,269.92,6.2676,1339.5,1316.9,22.6,1.72
2018-02-12,271.07,6.2869,1341.08,1324.2,16.88,1.27
2018-02-13,273.27,6.3265,1343.5,1328.1,15.4,1.16
2018-02-21,271.77,6.3462,1331.98,1330.0,1.98,0.15
2018-02-22,272.17,6.3466,1333.85,1330.6,3.25,0.24
2018-02-25,273.42,6.3466,1339.98,1330.6,9.38,0.7
2018-02-26,272.07,6.3273,1337.43,1330.7,6.73,0.51
2018-02-27,269.95,6.3141,1329.78,1315.5,14.28,1.09
2018-02-28,269.74,6.3167,1328.2,1315.5,12.7,0.97
2018-03-01,270.93,6.3309,1331.07,1302.9,28.17,2.16
2018-03-04,271.8,6.3309,1335.34,1302.9,32.44,2.49
2018-03-05,271.56,6.3503,1330.09,1318.1,11.99,0.91
2018-03-06,272.57,6.3489,1335.33,1333.6,1.73,0.13
2018-03-07,271.74,6.3094,1339.6,1326.0,13.6,1.03
2018-03-08,270.6,6.325,1330.69,1319.9,10.79,0.82
2018-03-11,270.86,6.325,1331.97,1319.9,12.07,0.91
2018-03-12,270.54,6.3285,1329.66,1319.4,10.26,0.78
2018-03-13,271.25,6.3291,1333.02,1325.9,7.12,0.54
2018-03-14,270.79,6.3204,1332.59,1324.4,8.19,0.62
2018-03-15,269.8,6.316,1328.64,1316.8,11.84,0.9
2018-03-18,268.33,6.316,1321.41,1316.8,4.61,0.35
2018-03-19,269.46,6.3382,1322.32,1316.8,5.52,0.42
2018-03-20,269.05,6.3316,1321.69,1311.1,10.59,0.81
2018-03-21,271.71,6.3329,1334.48,1320.7,13.78,1.04
2018-03-22,273.93,6.3206,1348.0,1326.6,21.4,1.61
2018-03-25,274.64,6.32,1351.62,1326.6,25.02,1.89
2018-03-26,273.97,6.2724,1358.56,1354.4,4.16,0.31
2018-03-27,272.63,6.2818,1349.89,1341.3,8.59,0.64
2018-03-28,270.18,6.2956,1334.83,1324.2,10.63,0.8
2018-03-29,270.08,6.2889,1335.75,1322.8,12.95,0.98
2018-04-01,270.13,6.2822,1337.43,1322.8,14.63,1.11
2018-04-02,272.54,6.2794,1349.96,1342.1,7.86,0.59
2018-04-03,271.88,6.2884,1344.76,1332.8,11.96,0.9
2018-04-08,271.47,6.3086,1338.44,1332.8,5.64,0.42
2018-04-09,271.49,6.3054,1339.21,1336.3,2.91,0.22
2018-04-10,272.69,6.2816,1350.23,1342.0,8.23,0.61
2018-04-11,274.03,6.2686,1359.68,1356.5,3.18,0.23
2018-04-12,271.91,6.291,1344.36,1338.4,5.96,0.45
2018-04-15,273.02,6.2741,1353.48,1338.4,15.08,1.13
2018-04-16,273.34,6.2757,1354.72,1347.5,7.22,0.54
2018-04-17,273.17,6.2805,1352.84,1347.2,5.64,0.42
2018-04-18,273.62,6.2734,1356.61,1351.2,5.41,0.4
2018-04-19,272.73,6.2781,1351.18,1346.8,4.38,0.33
2018-04-22,271.6,6.2955,1341.86,1346.8,-4.94,-0.37
2018-04-23,270.97,6.3161,1334.38,1322.5,11.88,0.9
2018-04-24,270.69,6.3059,1335.16,1331.4,3.76,0.28
2018-04-25,271.08,6.3247,1333.11,1321.2,11.91,0.9
2018-04-26,270.1,6.3354,1326.05,1316.3,9.75,0.74
2018-05-01,269.18,6.3323,1322.18,1303.8,18.38,1.41
2018-05-02,269.56,6.3615,1317.97,1302.6,15.37,1.18
2018-05-03,269.53,6.3527,1319.65,1310.7,8.95,0.68
2018-05-06,270.26,6.3617,1321.35,1310.7,10.65,0.81
2018-05-07,270.02,6.3661,1319.26,1312.2,7.06,0.54
2018-05-08,269.84,6.3697,1317.64,1312.0,5.64,0.43
2018-05-09,270.14,6.3614,1320.82,1311.3,9.52,0.73
2018-05-10,270.36,6.3482,1324.65,1320.8,3.85,0.29
2018-05-13,270.49,6.3331,1328.45,1320.8,7.65,0.58
2018-05-14,269.08,6.3383,1320.44,1316.5,3.94,0.3
2018-05-15,266.46,6.3768,1299.69,1288.9,10.79,0.84
2018-05-16,265.58,6.3705,1296.67,1290.2,6.47,0.5
2018-05-17,265.56,6.3662,1297.45,1288.2,9.25,0.72
2018-05-20,265.29,6.3828,1292.76,1288.2,4.56,0.35
2018-05-21,265.77,6.3811,1295.45,1290.2,5.25,0.41
2018-05-22,265.88,6.3642,1299.42,1291.7,7.72,0.6
2018-05-23,267.33,6.3888,1301.48,1289.3,12.18,0.94
2018-05-24,268.69,6.3764,1310.64,1303.7,6.94,0.53
2018-05-27,267.68,6.3686,1307.32,1303.7,3.62,0.28
2018-05-28,268.84,6.3983,1306.89,1303.7,3.19,0.24
2018-05-29,269.37,6.4166,1305.73,1298.7,7.03,0.54
2018-05-30,269.54,6.418,1306.27,1301.5,4.77,0.37
2018-05-31,268.99,6.4093,1305.37,1300.1,5.27,0.41
2018-06-03,267.71,6.4194,1297.12,1300.1,-2.98,-0.23
2018-06-04,267.3,6.407,1297.64,1293.1,4.54,0.35
2018-06-05,268.02,6.405,1301.54,1297.5,4.04,0.31
2018-06-06,267.78,6.3879,1303.85,1297.1,6.75,0.52
2018-06-07,267.96,6.3921,1303.87,1298.7,5.17,0.4
2018-06-10,268.46,6.4057,1303.53,1298.7,4.83,0.37
2018-06-11,268.28,6.3916,1305.53,1298.9,6.63,0.51
2018-06-12,267.91,6.4005,1301.92,1295.1,6.82,0.53
2018-06-13,268.48,6.3973,1305.34,1296.9,8.44,0.65
2018-06-14,269.1,6.4045,1306.89,1304.0,2.89,0.22
2018-06-18,267.13,6.4388,1290.41,1276.2,14.21,1.11
2018-06-19,266.24,6.4855,1276.85,1275.6,1.25,0.1
2018-06-20,265.32,6.4716,1275.17,1271.2,3.97,0.31
2018-06-21,266.37,6.4921,1276.17,1267.2,8.97,0.71
2018-06-24,267.08,6.5043,1277.17,1267.2,9.97,0.79
2018-06-25,267.24,6.539,1271.16,1265.6,5.56,0.44
2018-06-26,267.46,6.5783,1264.6,1256.6,8.0,0.64
2018-06-27,267.5,6.6019,1260.27,1252.8,7.47,0.6
2018-06-28,267.12,6.6274,1253.64,1247.8,5.84,0.47
2018-07-01,267.72,6.6243,1257.04,1247.8,9.24,0.74
2018-07-02,267.96,6.6667,1250.17,1239.8,10.37,0.84
2018-07-03,268.7,6.641,1258.47,1251.6,6.87,0.55
2018-07-04,268.65,6.6313,1260.08,1251.6,8.48,0.68
2018-07-05,269.21,6.6368,1261.66,1257.3,4.36,0.35
2018-07-08,269.02,6.6392,1260.31,1257.3,3.01,0.24
2018-07-09,268.19,6.6152,1260.98,1258.1,2.88,0.23
2018-07-10,268.94,6.6314,1261.42,1253.8,7.62,0.61
2018-07-11,268.39,6.6828,1249.16,1242.8,6.36,0.51
2018-07-12,267.9,6.6659,1250.04,1245.0,5.04,0.4
2018-07-15,268.5,6.6946,1247.47,1245.0,2.47,0.2
2018-07-16,267.47,6.6916,1243.24,1238.1,5.14,0.41
2018-07-17,264.97,6.7068,1228.83,1225.7,3.13,0.26
2018-07-18,266.19,6.7177,1232.48,1226.3,6.18,0.5
2018-07-19,266.98,6.7717,1226.28,1222.4,3.88,0.32
2018-07-22,268.37,6.7581,1235.15,1222.4,12.75,1.04
2018-07-23,267.94,6.792,1227.01,1224.0,3.01,0.25
2018-07-24,268.53,6.7905,1229.99,1223.9,6.09,0.5
2018-07-25,268.52,6.7687,1233.9,1231.4,2.5,0.2
2018-07-26,268.41,6.7828,1230.83,1225.3,5.53,0.45
2018-07-29,268.7,6.8127,1226.75,1225.3,1.45,0.12
2018-07-30,268.71,6.8149,1226.4,1221.3,5.1,0.42
2018-07-31,268.68,6.8117,1226.84,1223.7,3.14,0.26
2018-08-01,268.04,6.8226,1221.96,1217.9,4.06,0.33
2018-08-02,267.7,6.8328,1218.59,1210.6,7.99,0.66
2018-08-05,267.59,6.8332,1218.02,1210.6,7.42,0.61
2018-08-06,267.69,6.8541,1214.76,1208.6,6.16,0.51
2018-08-07,267.1,6.8336,1215.72,1209.6,6.12,0.51
2018-08-08,267.3,6.8352,1216.34,1212.6,3.74,0.31
2018-08-09,266.91,6.8172,1217.78,1211.9,5.88,0.48
2018-08-12,268.01,6.8462,1217.62,1211.9,5.72,0.47
2018-08-13,265.6,6.8894,1199.1,1191.3,7.8,0.65
2018-08-14,264.95,6.8847,1196.98,1193.0,3.98,0.33
2018-08-15,261.74,6.9338,1174.11,1177.5,-3.39,-0.29
2018-08-16,261.6,6.8815,1182.4,1176.2,6.2,0.53
2018-08-19,262.78,6.8766,1188.58,1176.2,12.38,1.05
2018-08-20,264.5,6.8568,1199.81,1186.8,13.01,1.1
2018-08-21,264.28,6.8455,1200.79,1192.6,8.19,0.69
2018-08-22,264.64,6.8432,1202.83,1196.3,6.53,0.55
2018-08-23,264.33,6.8775,1195.43,1187.0,8.43,0.71
2018-08-26,265.55,6.8006,1214.53,1187.0,27.53,2.32
2018-08-27,266.24,6.8133,1215.42,1209.0,6.42,0.53
2018-08-28,265.23,6.8042,1212.42,1207.4,5.02,0.42
2018-08-29,265.54,6.8187,1211.26,1204.5,6.76,0.56
2018-08-30,265.98,6.8431,1208.94,1197.7,11.24,0.94
2018-09-02,265.45,6.8346,1208.03,1197.7,10.33,0.86
2018-09-03,264.42,6.8221,1205.55,1197.7,7.85,0.66
2018-09-04,263.91,6.8425,1199.64,1192.7,6.94,0.58
2018-09-05,264.7,6.83,1205.43,1194.9,10.53,0.88
2018-09-06,265.48,6.8344,1208.2,1197.9,10.3,0.86
2018-09-09,264.79,6.8391,1204.24,1197.9,6.34,0.53
2018-09-10,265.38,6.8553,1204.07,1193.0,11.07,0.93
2018-09-11,265.47,6.8744,1201.13,1195.4,5.73,0.48
2018-09-12,266.33,6.8599,1207.57,1204.7,2.87,0.24
2018-09-13,266.72,6.8429,1212.34,1202.0,10.34,0.86
2018-09-16,265.75,6.8656,1203.94,1202.0,1.94,0.16
2018-09-17,266.14,6.8555,1207.48,1199.7,7.78,0.65
2018-09-18,266.35,6.8602,1207.6,1196.8,10.8,0.9
2018-09-19,266.57,6.8469,1210.95,1202.2,8.75,0.73
2018-09-20,267.22,6.8459,1214.08,1206.2,7.88,0.65
2018-09-24,266.29,6.8734,1205.01,1199.3,5.71,0.48
2018-09-25,266.97,6.8663,1209.34,1200.0,9.34,0.78
2018-09-26,265.99,6.8761,1203.18,1194.0,9.18,0.77
2018-09-27,263.88,6.8803,1192.91,1182.3,10.61,0.9
2018-10-07,267.14,6.8589,1211.42,1182.3,29.12,2.46
2018-10-08,266.67,6.9298,1196.91,1184.4,12.51,1.06
2018-10-09,266.53,6.9218,1197.67,1187.2,10.47,0.88
2018-10-10,267.43,6.9233,1201.45,1189.3,12.15,1.02
2018-10-11,271.59,6.8886,1226.29,1223.5,2.79,0.23
2018-10-14,273.43,6.9212,1228.78,1223.5,5.28,0.43
2018-10-15,274.14,6.9159,1232.91,1226.4,6.51,0.53
2018-10-16,273.46,6.911,1230.73,1227.3,3.43,0.28
2018-10-17,273.53,6.9263,1228.32,1223.7,4.62,0.38
2018-10-18,275.32,6.9367,1234.51,1226.5,8.01,0.65
2018-10-21,274.74,6.9286,1233.35,1226.5,6.85,0.56
2018-10-22,274.91,6.9465,1230.93,1221.2,9.73,0.8
2018-10-23,276.18,6.9374,1238.24,1233.4,4.84,0.39
2018-10-24,277.84,6.943,1244.68,1227.8,16.88,1.37
2018-10-25,277.33,6.948,1241.5,1229.1,12.4,1.01
2018-10-28,277.23,6.948,1241.05,1229.1,11.95,0.97
2018-10-29,276.23,6.9425,1237.55,1224.5,13.05,1.07
2018-10-30,274.2,6.9519,1226.8,1222.6,4.2,0.34
2018-10-31,274.25,6.9663,1224.48,1212.3,12.18,1.01
2018-11-01,274.99,6.9747,1226.31,1236.0,-9.69,-0.78
2018-11-04,275.08,6.9747,1226.71,1236.0,-9.29,-0.75
2018-11-05,274.92,6.8899,1241.09,1229.8,11.29,0.92
2018-11-06,275.0,6.9248,1235.19,1223.8,11.39,0.93
2018-11-07,274.25,6.9185,1232.94,1226.2,6.74,0.55
2018-11-08,273.6,6.91,1231.54,1222.9,8.64,0.71
2018-11-11,271.42,6.91,1221.72,1222.9,-1.18,-0.1
2018-11-12,270.37,6.9559,1208.97,1201.3,7.67,0.64
2018-11-13,270.04,6.9625,1206.35,1199.2,7.15,0.6
2018-11-14,271.83,6.9552,1215.62,1207.9,7.72,0.64
2018-11-15,272.46,6.9495,1219.43,1212.8,6.63,0.55
2018-11-18,273.23,6.9495,1222.88,1212.8,10.08,0.83
2018-11-19,274.13,6.937,1229.12,1223.1,6.02,0.49
2018-11-20,274.12,6.941,1228.37,1219.0,9.37,0.77
2018-11-21,274.78,6.9444,1230.72,1225.8,4.92,0.4
2018-11-22,275.2,6.9262,1235.84,1225.8,10.04,0.82
2018-11-25,274.76,6.9262,1233.86,1225.8,8.06,0.66
2018-11-26,274.42,6.9475,1228.56,1220.2,8.36,0.69
2018-11-27,272.75,6.9308,1224.03,1211.2,12.83,1.06
2018-11-28,275.0,6.9506,1230.61,1221.4,9.21,0.75
2018-11-29,274.77,6.9529,1229.17,1224.1,5.07,0.41
2018-12-02,274.07,6.9529,1226.04,1224.1,1.94,0.16
2018-12-03,274.04,6.958,1225.01,1233.9,-8.89,-0.72
2018-12-04,274.23,6.8823,1239.34,1241.1,-1.76,-0.14
2018-12-05,275.68,6.8363,1254.28,1241.1,13.18,1.06
2018-12-06,275.73,6.8558,1250.94,1238.1,12.84,1.04
2018-12-09,278.27,6.8558,1262.46,1238.1,24.36,1.97
2018-12-10,278.31,6.8747,1259.17,1243.7,15.47,1.24
2018-12-11,277.17,6.911,1247.42,1241.9,5.52,0.44
2018-12-12,277.15,6.899,1249.5,1244.4,5.1,0.41
2018-12-13,277.07,6.879,1252.78,1242.7,10.08,0.81
2018-12-16,276.63,6.879,1250.79,1242.7,8.09,0.65
2018-12-17,278.06,6.9066,1252.23,1247.4,4.83,0.39
2018-12-18,278.63,6.8962,1256.69,1249.2,7.49,0.6
2018-12-19,278.4,6.8942,1256.01,1252.1,3.91,0.31
2018-12-20,280.56,6.891,1266.35,1263.6,2.75,0.22
2018-12-23,282.02,6.891,1272.94,1263.6,9.34,0.74
2018-12-24,283.66,6.9054,1277.67,1267.5,10.17,0.8
2018-12-25,283.84,6.8981,1279.83,1267.5,12.33,0.97
2018-12-26,283.22,6.8983,1277.0,1269.2,7.8,0.61
2018-12-27,284.1,6.8981,1281.0,1277.3,3.7,0.29
2019-01-01,285.82,6.8776,1292.6,1277.3,15.3,1.2
2019-01-02,287.67,6.8775,1300.99,1281.0,19.99,1.56
2019-01-03,288.01,6.8611,1305.64,1291.8,13.84,1.07
2019-01-06,286.16,6.8611,1297.25,1291.8,5.45,0.42
2019-01-07,285.03,6.8684,1290.76,1286.8,3.96,0.31
2019-01-08,283.65,6.85,1287.96,1283.2,4.76,0.37
2019-01-09,284.55,6.8522,1291.63,1289.3,2.33,0.18
2019-01-10,282.8,6.8156,1290.58,1284.7,5.88,0.46
2019-01-13,282.77,6.8156,1290.44,1284.7,5.74,0.45
2019-01-14,282.3,6.762,1298.51,1289.1,9.41,0.73
2019-01-15,283.03,6.7671,1300.88,1286.2,14.68,1.14
2019-01-16,283.08,6.751,1304.22,1291.6,12.62,0.98
2019-01-17,283.56,6.756,1305.46,1291.0,14.46,1.12
2019-01-20,282.14,6.756,1298.92,1291.0,7.92,0.61
2019-01-21,281.87,6.7778,1293.51,1291.0,2.51,0.19
2019-01-22,282.34,6.7973,1291.95,1282.5,9.45,0.74
2019-01-23,282.28,6.807,1289.83,1283.1,6.73,0.52
2019-01-24,281.8,6.791,1290.67,1279.1,11.57,0.9
2019-01-27,284.35,6.791,1302.35,1279.1,23.25,1.82
2019-01-28,285.88,6.7464,1318.02,1302.4,15.62,1.2
2019-01-29,286.6,6.7443,1321.75,1308.2,13.55,1.04
2019-01-30,286.49,6.732,1323.65,1309.9,13.75,1.05
2019-01-31,287.47,6.7155,1331.44,1319.7,11.74,0.89
2019-02-10,287.5,6.7155,1331.58,1319.7,11.88,0.9
2019-02-11,287.49,6.7438,1325.95,1307.0,18.95,1.45
2019-02-12,287.32,6.7914,1315.88,1309.2,6.68,0.51
2019-02-13,286.74,6.773,1316.79,1310.8,5.99,0.46
2019-02-14,288.06,6.7594,1325.51,1309.8,15.71,1.2
2019-02-17,289.9,6.7594,1333.98,1309.8,24.18,1.85
2019-02-18,290.73,6.7721,1335.29,1309.8,25.49,1.95
2019-02-19,292.25,6.7657,1343.54,1340.1,3.44,0.26
2019-02-20,290.74,6.7577,1338.18,1343.3,-5.12,-0.38
2019-02-21,289.0,6.7203,1337.57,1323.5,14.07,1.06
2019-02-24,288.58,6.7203,1335.63,1323.5,12.13,0.92
2019-02-25,288.4,6.7132,1336.21,1325.9,10.31,0.78
2019-02-26,287.85,6.6884,1338.61,1325.1,13.51,1.02
2019-02-27,285.5,6.6992,1325.54,1317.7,7.84,0.59
2019-02-28,284.73,6.6862,1324.53,1312.8,11.73,0.89
2019-03-03,280.72,6.6862,1305.88,1312.8,-6.92,-0.53
2019-03-04,279.98,6.7054,1298.71,1284.8,13.91,1.08
2019-03-05,280.62,6.7063,1301.5,1282.0,19.5,1.52
2019-03-06,280.01,6.7066,1298.61,1284.9,13.71,1.07
2019-03-07,282.19,6.7109,1307.89,1283.8,24.09,1.88
2019-03-10,283.79,6.7109,1315.3,1283.8,31.5,2.45
2019-03-11,283.29,6.7206,1311.09,1288.8,22.29,1.73
2019-03-12,284.61,6.7255,1316.24,1296.3,19.94,1.54
2019-03-13,284.56,6.7076,1319.52,1307.5,12.02,0.92
2019-03-14,284.22,6.7061,1318.24,1293.4,24.84,1.92
2019-03-17,283.51,6.7061,1314.94,1293.4,21.54,1.67
2019-03-18,285.13,6.7128,1321.14,1300.3,20.84,1.6
2019-03-19,285.02,6.7031,1322.54,1305.0,17.54,1.34
2019-03-20,286.32,6.711,1327.01,1300.5,26.51,2.04
2019-03-21,285.9,6.6936,1328.51,1306.1,22.41,1.72
2019-03-24,287.01,6.6936,1333.66,1306.1,27.56,2.11
2019-03-25,287.61,6.7171,1331.78,1321.9,9.88,0.75
2019-03-26,287.27,6.7084,1331.93,1314.3,17.63,1.34
2019-03-27,287.08,6.7147,1329.8,1309.9,19.9,1.52
2019-03-28,282.18,6.7262,1304.86,1289.8,15.06,1.17
2019-03-31,281.75,6.7111,1305.81,1289.8,16.01,1.24
2019-04-01,281.84,6.7105,1306.34,1288.4,17.94,1.39
2019-04-02,282.28,6.7224,1306.06,1290.0,16.06,1.25
2019-04-03,282.26,6.7014,1310.06,1289.9,20.16,1.56
2019-04-07,283.56,6.7169,1313.06,1289.9,23.16,1.8
2019-04-08,283.79,6.7154,1314.42,1297.1,17.32,1.34
2019-04-09,284.79,6.7108,1319.96,1303.5,16.46,1.26
2019-04-10,285.72,6.7154,1323.36,1309.1,14.26,1.09
2019-04-11,283.19,6.7185,1311.04,1288.6,22.44,1.74
2019-04-14,281.68,6.7032,1307.02,1288.6,18.42,1.43
2019-04-15,280.91,6.7077,1302.57,1286.8,15.77,1.23
2019-04-16,279.64,6.7112,1296.01,1272.6,23.41,1.84
2019-04-17,277.83,6.6872,1292.24,1272.2,20.04,1.58
2019-04-18,279.44,6.7081,1295.68,1271.9,23.78,1.87
2019-04-21,280.21,6.7034,1300.16,1271.9,28.26,2.22
2019-04-22,278.74,6.7085,1292.36,1273.5,18.86,1.48
2019-04-23,278.31,6.7249,1287.22,1269.3,17.92,1.41
2019-04-24,279.76,6.7209,1294.69,1275.5,19.19,1.5
2019-04-25,280.5,6.7421,1294.04,1275.8,18.24,1.43
2019-04-28,280.88,6.7288,1298.35,1275.8,22.55,1.77
2019-04-29,280.69,6.7324,1296.78,1278.6,18.18,1.42
2019-05-05,282.05,6.7336,1302.83,1278.6,24.23,1.9
2019-05-06,282.25,6.7636,1297.97,1281.7,16.27,1.27
2019-05-07,282.94,6.776,1298.76,1283.5,15.26,1.19
2019-05-08,283.09,6.782,1298.3,1279.4,18.9,1.48
2019-05-09,283.76,6.8265,1292.89,1283.5,9.39,0.73
2019-05-12,285.04,6.8231,1299.37,1283.5,15.87,1.24
2019-05-13,288.97,6.8773,1306.9,1300.1,6.8,0.52
2019-05-14,287.99,6.8749,1302.93,1294.7,8.23,0.64
2019-05-15,288.79,6.8752,1306.49,1296.3,10.19,0.79
2019-05-16,288.1,6.8828,1301.93,1285.0,16.93,1.32
2019-05-19,286.47,6.9177,1288.03,1285.0,3.03,0.24
2019-05-20,286.4,6.9113,1288.91,1276.1,12.81,1.0
2019-05-21,286.23,6.9113,1288.14,1272.0,16.14,1.27
2019-05-22,286.65,6.9054,1291.14,1273.6,17.54,1.38
2019-05-23,288.46,6.9095,1298.52,1284.8,13.72,1.07
2019-05-26,288.33,6.8993,1299.85,1284.8,15.05,1.17
2019-05-27,288.11,6.8972,1299.26,1284.8,14.46,1.13
2019-05-28,288.05,6.9091,1296.75,1276.5,20.25,1.59
2019-05-29,287.33,6.9134,1292.7,1280.6,12.1,0.94
2019-05-30,290.2,6.9009,1307.98,1287.1,20.88,1.62
2019-06-02,294.11,6.9041,1324.99,1287.1,37.89,2.94
2019-06-03,296.93,6.9028,1337.94,1322.7,15.24,1.15
2019-06-04,298.36,6.9073,1343.51,1323.4,20.11,1.52
2019-06-05,298.89,6.9081,1345.74,1328.3,17.44,1.31
2019-06-09,298.54,6.9088,1344.03,1328.3,15.73,1.18
2019-06-10,297.95,6.9301,1337.25,1324.7,12.55,0.95
2019-06-11,300.47,6.9104,1352.41,1326.4,26.01,1.96
2019-06-12,300.26,6.9169,1350.19,1331.9,18.29,1.37
2019-06-13,303.01,6.9208,1361.79,1339.2,22.59,1.69
2019-06-16,302.03,6.9245,1356.66,1339.2,17.46,1.3
2019-06-17,303.64,6.9249,1363.81,1338.7,25.11,1.88
2019-06-18,301.86,6.9023,1360.26,1346.6,13.66,1.01
2019-06-19,309.12,6.9027,1392.89,1344.6,48.29,3.59
2019-06-20,312.02,6.851,1416.57,1392.9,23.67,1.7
2019-06-23,313.95,6.8689,1421.62,1392.9,28.72,2.06
2019-06-24,319.2,6.8761,1443.88,1414.3,29.58,2.09
2019-06-25,315.1,6.8788,1424.77,1414.9,9.87,0.7
2019-06-26,314.63,6.8791,1422.58,1411.6,10.98,0.78
2019-06-27,315.5,6.8671,1429.01,1408.4,20.61,1.46
2019-06-30,307.66,6.8658,1393.76,1408.4,-14.64,-1.04
2019-07-01,309.62,6.8508,1405.71,1385.6,20.11,1.45
2019-07-02,318.32,6.872,1440.75,1404.6,36.15,2.57
2019-07-03,315.13,6.8802,1424.62,1417.7,6.92,0.49
2019-07-04,315.51,6.8706,1428.33,1417.7,10.63,0.75
2019-07-07,313.62,6.8926,1415.24,1417.7,-2.46,-0.17
2019-07-08,311.28,6.8809,1407.07,1397.0,10.07,0.72
2019-07-09,310.86,6.8883,1403.66,1397.5,6.16,0.44
2019-07-10,316.46,6.8722,1432.29,1410.1,22.19,1.57
2019-07-11,313.7,6.8692,1420.42,1404.3,16.12,1.15
2019-07-14,315.09,6.8798,1424.52,1404.3,20.22,1.44
2019-07-15,315.12,6.8769,1425.25,1411.4,13.85,0.98
2019-07-16,313.65,6.8753,1418.94,1409.2,9.74,0.69
2019-07-17,317.05,6.8728,1434.84,1421.3,13.54,0.95
2019-07-18,321.23,6.8791,1452.42,1426.1,26.32,1.85
2019-07-21,318.44,6.8811,1439.39,1426.1,13.29,0.93
2019-07-22,316.1,6.8801,1429.02,1425.3,3.72,0.26
2019-07-23,317.27,6.8783,1434.69,1420.1,14.59,1.03
2019-07-24,317.55,6.8715,1437.37,1422.8,14.57,1.02
2019-07-25,315.72,6.8716,1429.07,1413.9,15.17,1.07
2019-07-28,317.19,6.8782,1434.34,1413.9,20.44,1.45
2019-07-29,318.23,6.8924,1436.08,1419.6,16.48,1.16
2019-07-30,319.58,6.8836,1444.02,1429.7,14.32,1.0
2019-07-31,315.21,6.8834,1424.31,1426.1,-1.79,-0.13
2019-08-01,322.07,6.8978,1452.27,1420.9,31.37,2.21
2019-08-04,332.54,6.9392,1490.54,1420.9,69.64,4.9
2019-08-05,334.2,7.0497,1474.5,1464.6,9.9,0.68
2019-08-06,339.49,7.0256,1502.98,1472.4,30.58,2.08
2019-08-07,343.57,7.0591,1513.82,1507.3,6.52,0.43
2019-08-08,344.06,7.0443,1519.17,1497.7,21.47,1.43
2019-08-11,342.86,7.0615,1510.18,1497.7,12.48,0.83
2019-08-12,348.98,7.0572,1538.07,1505.3,32.77,2.18
2019-08-13,342.18,7.0335,1513.19,1502.2,10.99,0.73
2019-08-14,345.43,7.0235,1529.73,1515.9,13.83,0.91
2019-08-15,346.1,7.024,1532.59,1519.6,12.99,0.85
2019-08-18,344.18,7.0419,1520.21,1519.6,0.61,0.04
2019-08-19,342.8,7.0498,1512.42,1500.4,12.02,0.8
2019-08-20,343.71,7.0596,1514.33,1504.6,9.73,0.65
2019-08-21,344.13,7.0624,1515.58,1504.6,10.98,0.73
2019-08-22,343.28,7.0827,1507.5,1497.3,10.2,0.68
2019-08-25,356.7,7.095,1563.72,1497.3,66.42,4.44
2019-08-26,355.71,7.1503,1547.32,1526.3,21.02,1.38
2019-08-27,357.19,7.1614,1551.35,1541.0,10.35,0.67
2019-08-28,358.66,7.1553,1559.06,1537.8,21.26,1.38
2019-08-29,354.9,7.1436,1545.25,1526.5,18.75,1.23
2019-09-01,353.31,7.1557,1535.72,1526.5,9.22,0.6
2019-09-02,354.78,7.171,1538.82,1526.5,12.32,0.81
2019-09-03,357.28,7.178,1548.15,1545.9,2.25,0.15
2019-09-04,357.48,7.1451,1556.15,1550.3,5.85,0.38
2019-09-05,350.57,7.1477,1525.52,1515.4,10.12,0.67
2019-09-08,348.45,7.1147,1523.33,1515.4,7.93,0.52
2019-09-09,342.83,7.1211,1497.41,1502.2,-4.79,-0.32
2019-09-10,344.28,7.1117,1505.73,1490.3,15.43,1.04
2019-09-11,343.33,7.1158,1500.71,1494.4,6.31,0.42
2019-09-15,344.53,7.0784,1513.91,1494.4,19.51,1.31
2019-09-16,343.22,7.0664,1510.72,1503.1,7.62,0.51
2019-09-17,344.62,7.0909,1511.64,1505.1,6.54,0.43
2019-09-18,344.11,7.085,1510.66,1507.5,3.16,0.21
2019-09-19,344.97,7.0956,1512.17,1498.4,13.77,0.92
2019-09-22,348.52,7.0906,1528.81,1498.4,30.41,2.03
2019-09-23,350.05,7.1176,1529.7,1523.7,6.0,0.39
2019-09-24,352.01,7.1155,1538.72,1532.1,6.62,0.43
2019-09-25,347.72,7.1308,1516.7,1504.6,12.1,0.8
2019-09-26,345.07,7.1316,1504.97,1507.5,-2.53,-0.17
2019-09-29,343.34,7.1218,1499.49,1507.5,-8.01,-0.53
2019-10-07,342.95,7.1474,1492.42,1497.7,-5.28,-0.35
2019-10-08,347.77,7.1435,1514.22,1497.2,17.02,1.14
2019-10-09,346.04,7.1314,1509.25,1506.1,3.15,0.21
2019-10-10,344.19,7.1155,1504.53,1494.8,9.73,0.65
2019-10-13,339.64,7.0872,1490.57,1494.8,-4.23,-0.28
2019-10-14,340.82,7.0666,1500.11,1491.7,8.41,0.56
2019-10-15,339.31,7.0808,1490.47,1477.6,12.87,0.87
2019-10-16,341.39,7.0927,1497.09,1488.0,9.09,0.61
2019-10-17,340.79,7.0764,1497.9,1492.3,5.6,0.38
2019-10-20,340.71,7.0807,1496.64,1492.3,4.34,0.29
2019-10-21,339.64,7.0663,1494.98,1482.4,12.58,0.85
2019-10-22,340.89,7.0762,1498.38,1481.7,16.68,1.13
2019-10-23,340.38,7.0646,1498.6,1489.9,8.7,0.58
2019-10-24,343.72,7.0681,1512.55,1498.9,13.65,0.91
2019-10-27,343.8,7.0681,1512.91,1498.9,14.01,0.93
2019-10-28,340.01,7.0647,1496.95,1490.0,6.95,0.47
2019-10-29,339.6,7.0669,1494.68,1487.0,7.68,0.52
2019-10-30,340.17,7.0649,1497.61,1493.2,4.41,0.3
2019-10-31,343.17,7.0544,1513.07,1511.4,1.67,0.11
2019-11-03,342.63,7.0544,1510.69,1511.4,-0.71,-0.05
2019-11-04,340.53,7.0364,1505.27,1508.0,-2.73,-0.18
2019-11-05,335.83,7.0294,1485.97,1480.8,5.17,0.35
2019-11-06,337.52,7.0088,1497.84,1490.2,7.64,0.51
2019-11-07,331.25,6.9972,1472.45,1464.2,8.25,0.56
2019-11-10,330.59,6.9972,1469.52,1464.2,5.32,0.36
2019-11-11,327.62,6.995,1456.77,1455.5,1.27,0.09
2019-11-12,330.84,7.0096,1468.03,1452.1,15.93,1.1
2019-11-13,331.71,7.0068,1472.47,1461.7,10.77,0.74
2019-11-14,330.9,7.0226,1465.57,1471.8,-6.23,-0.42
2019-11-17,331.03,7.0226,1466.15,1471.8,-5.65,-0.38
2019-11-18,332.95,7.0073,1477.87,1470.9,6.97,0.47
2019-11-19,334.05,7.025,1479.02,1473.3,5.72,0.39
2019-11-20,333.58,7.0268,1476.56,1473.3,3.26,0.22
2019-11-21,332.87,7.035,1471.7,1463.1,8.6,0.59
2019-11-24,330.65,7.035,1461.89,1463.1,-1.21,-0.08
2019-11-25,330.35,7.0383,1459.87,1456.6,3.27,0.22
2019-11-26,330.71,7.0355,1462.05,1459.8,2.25,0.15
2019-11-27,330.07,7.0325,1459.84,1453.4,6.44,0.44
2019-11-28,330.5,7.0279,1462.7,1453.4,9.3,0.64
2019-12-01,331.21,7.0279,1465.84,1453.4,12.44,0.86
2019-12-02,331.95,7.0315,1468.36,1462.3,6.06,0.41
2019-12-03,338.11,7.0383,1494.17,1478.2,15.97,1.08
2019-12-04,336.47,7.0602,1482.31,1474.0,8.31,0.56
2019-12-05,334.45,7.0489,1475.77,1476.9,-1.13,-0.08
2019-12-08,332.21,7.0489,1465.89,1476.9,-11.01,-0.75
2019-12-09,332.29,7.0343,1469.28,1459.3,9.98,0.68
2019-12-10,332.55,7.0382,1469.62,1462.6,7.02,0.48
2019-12-11,334.32,7.0333,1478.47,1469.4,9.07,0.62
2019-12-12,330.34,7.0378,1459.93,1466.7,-6.77,-0.46
2019-12-15,333.73,7.0378,1474.92,1466.7,8.22,0.56
2019-12-16,333.75,6.9719,1488.95,1475.0,13.95,0.95
2019-12-17,334.08,6.9816,1488.35,1474.6,13.75,0.93
2019-12-18,333.64,6.9962,1483.29,1472.6,10.69,0.73
2019-12-19,334.56,7.004,1485.72,1478.2,7.52,0.51
2019-12-22,335.74,7.004,1490.96,1478.2,12.76,0.86
2019-12-23,337.26,7.0057,1497.35,1482.5,14.85,1.0
2019-12-24,338.97,7.0118,1503.63,1499.1,4.53,0.3
2019-12-25,339.66,7.0064,1507.85,1499.1,8.75,0.58
2019-12-26,341.05,6.9883,1517.94,1509.3,8.64,0.57
2019-12-29,340.72,6.9883,1516.47,1509.3,7.17,0.48
2019-12-30,342.53,6.9948,1523.11,1514.5,8.61,0.57
2020-01-01,341.63,6.9623,1526.2,1514.5,11.7,0.77
2020-01-02,346.75,6.9622,1549.1,1524.5,24.6,1.61
2020-01-05,354.69,6.9622,1584.57,1524.5,60.07,3.94
2020-01-06,351.42,6.9645,1569.44,1566.2,3.24,0.21
2020-01-07,357.41,6.9745,1593.91,1571.8,22.11,1.41
2020-01-08,345.31,6.9444,1546.62,1557.4,-10.78,-0.69
2020-01-09,346.43,6.9452,1551.46,1551.7,-0.24,-0.02
2020-01-12,346.35,6.9452,1551.1,1551.7,-0.6,-0.04
2020-01-13,341.96,6.9093,1539.4,1548.4,-9.0,-0.58
2020-01-14,344.82,6.8927,1556.01,1542.4,13.61,0.88
2020-01-15,345.27,6.9003,1556.32,1552.1,4.22,0.27
2020-01-16,344.85,6.8898,1556.8,1549.0,7.8,0.5
2020-01-19,345.13,6.8898,1558.06,1549.0,9.06,0.59
2020-01-20,348.52,6.8587,1580.5,1549.0,31.5,2.03
2020-01-21,345.63,6.8658,1565.77,1556.4,9.37,0.6
2020-01-22,347.64,6.9048,1565.98,1555.3,10.68,0.69
2020-02-02,357.12,6.9048,1608.69,1555.3,53.39,3.43
2020-02-03,353.86,6.9357,1586.9,1577.2,9.7,0.62
2020-02-04,351.66,7.0206,1557.96,1550.4,7.56,0.49
2020-02-05,349.58,6.9975,1553.86,1557.8,-3.94,-0.25
2020-02-06,351.19,6.9728,1566.55,1565.1,1.45,0.09
2020-02-09,352.69,6.9728,1573.24,1565.1,8.14,0.52
2020-02-10,351.79,7.0006,1562.99,1574.7,-11.71,-0.74
2020-02-11,351.03,6.9835,1563.44,1565.6,-2.16,-0.14
2020-02-12,353.67,6.9649,1579.4,1567.4,12.0,0.77
2020-02-13,354.13,6.971,1580.07,1575.1,4.97,0.32
2020-02-16,355.33,6.971,1585.43,1575.1,10.33,0.66
2020-02-17,357.05,6.9861,1589.66,1575.1,14.56,0.92
2020-02-18,361.41,6.9793,1610.64,1600.0,10.64,0.66
2020-02-19,362.59,6.9962,1611.99,1607.5,4.49,0.28
2020-02-20,369.26,6.9972,1641.41,1616.6,24.81,1.53
2020-02-23,377.4,6.9972,1677.59,1616.6,60.99,3.77
2020-02-24,369.34,7.0262,1634.99,1672.4,-37.41,-2.24
2020-02-25,372.02,7.0284,1646.34,1646.9,-0.56,-0.03
2020-02-26,371.91,7.0364,1643.98,1640.0,3.98,0.24
2020-02-27,367.43,7.0398,1623.39,1640.0,-16.61,-1.01
2020-03-01,358.9,7.0398,1585.7,1640.0,-54.3,-3.31
2020-03-02,357.97,6.9909,1592.66,1592.3,0.36,0.02
2020-03-03,365.02,6.9998,1621.96,1642.1,-20.14,-1.23
2020-03-04,366.43,6.961,1637.3,1641.1,-3.8,-0.23
2020-03-05,373.29,6.9654,1666.9,1666.4,0.5,0.03
2020-03-08,371.42,6.9654,1658.55,1666.4,-7.85,-0.47
2020-03-09,366.61,6.9311,1645.17,1674.5,-29.33,-1.75
2020-03-10,369.27,6.9456,1653.65,1659.1,-5.45,-0.33
2020-03-11,366.05,6.9556,1636.87,1641.4,-4.53,-0.28
2020-03-12,355.61,6.9596,1589.27,1589.3,-0.03,-0.0
2020-03-15,346.84,6.9596,1550.08,1589.3,-39.22,-2.47
2020-03-16,330.91,7.0072,1468.84,1485.9,-17.06,-1.15
2020-03-17,337.88,6.9927,1502.89,1524.9,-22.01,-1.44
2020-03-18,336.23,7.0062,1492.67,1477.3,15.37,1.04
2020-03-19,339.0,7.0464,1496.38,1478.6,17.78,1.2
2020-03-22,338.57,7.0464,1494.48,1478.6,15.88,1.07
2020-03-23,357.26,7.0948,1566.22,1567.0,-0.78,-0.05
2020-03-24,363.84,7.0913,1595.86,1660.2,-64.34,-3.88
2020-03-25,362.55,7.062,1596.79,1632.3,-35.51,-2.18
2020-03-26,366.25,7.1135,1601.41,1650.1,-48.69,-2.95
2020-03-29,363.6,7.0953,1593.9,1650.1,-56.2,-3.41
2020-03-30,363.92,7.0992,1594.43,1622.0,-27.57,-1.7
2020-03-31,358.05,7.0814,1572.66,1583.4,-10.74,-0.68
2020-04-01,359.85,7.0993,1576.58,1578.2,-1.62,-0.1
2020-04-02,362.73,7.0832,1592.81,1625.7,-32.89,-2.02
2020-04-06,372.95,7.0913,1635.81,1677.0,-41.19,-2.46
2020-04-07,369.52,7.0448,1631.47,1664.8,-33.33,-2.0
2020-04-08,370.33,7.0649,1630.39,1665.4,-35.01,-2.1
2020-04-09,372.53,7.0422,1645.36,1736.2,-90.84,-5.23
2020-04-12,372.14,7.0351,1645.3,1736.2,-90.9,-5.24
2020-04-13,376.5,7.0516,1660.68,1744.8,-84.12,-4.82
2020-04-14,375.78,7.0483,1658.28,1756.7,-98.42,-5.6
2020-04-15,378.29,7.0665,1665.06,1727.2,-62.14,-3.6
2020-04-16,371.96,7.0788,1634.35,1720.4,-86.05,-5.0
2020-04-19,370.41,7.0722,1629.06,1720.4,-91.34,-5.31
2020-04-20,373.82,7.0724,1644.01,1701.6,-57.59,-3.38
2020-04-21,372.98,7.0708,1640.69,1678.2,-37.51,-2.24
2020-04-22,379.13,7.0831,1664.84,1728.7,-63.86,-3.69
2020-04-23,382.06,7.0652,1681.96,1733.3,-51.34,-2.96
2020-04-26,379.7,7.0809,1667.87,1733.3,-65.43,-3.78
2020-04-27,376.79,7.0853,1654.06,1711.9,-57.84,-3.38
2020-04-28,378.33,7.0781,1662.51,1710.5,-47.99,-2.81
2020-04-29,380.5,7.0754,1672.68,1703.4,-30.72,-1.8
2020-05-05,379.69,7.0615,1672.4,1704.4,-32.0,-1.88
2020-05-06,378.0,7.1036,1655.09,1684.2,-29.11,-1.73
2020-05-07,382.77,7.0838,1680.66,1721.8,-41.14,-2.39
2020-05-10,381.28,7.0731,1676.65,1721.8,-45.15,-2.62
2020-05-11,380.47,7.098,1667.22,1695.3,-28.08,-1.66
2020-05-12,381.04,7.0821,1673.47,1704.4,-30.93,-1.81
2020-05-13,383.37,7.0913,1681.52,1713.9,-32.38,-1.89
2020-05-14,388.9,7.0947,1704.95,1738.1,-33.15,-1.91
2020-05-17,398.52,7.1012,1745.53,1738.1,7.43,0.43
2020-05-18,392.38,7.1086,1716.85,1731.8,-14.95,-0.86
2020-05-19,396.66,7.0982,1738.12,1744.2,-6.08,-0.35
2020-05-20,392.79,7.0925,1722.54,1750.6,-28.06,-1.6
2020-05-21,392.74,7.1143,1717.05,1720.5,-3.45,-0.2
2020-05-24,391.48,7.1294,1707.91,1720.5,-12.59,-0.73
2020-05-25,393.28,7.1357,1714.25,1720.5,-6.25,-0.36
2020-05-26,389.22,7.1341,1696.93,1704.8,-7.87,-0.46
2020-05-27,392.14,7.1682,1701.53,1710.3,-8.77,-0.51
2020-05-28,392.04,7.1452,1706.57,1713.3,-6.73,-0.39
2020-05-31,395.66,7.1363,1724.48,1713.3,11.18,0.65
2020-06-01,394.95,7.1267,1723.7,1750.3,-26.6,-1.52
2020-06-02,391.33,7.0999,1714.35,1734.0,-19.65,-1.13
2020-06-03,387.83,7.1147,1695.48,1704.8,-9.32,-0.55
2020-06-04,387.74,7.1092,1696.4,1727.4,-31.0,-1.79
2020-06-07,384.35,7.081,1688.27,1727.4,-39.13,-2.27
2020-06-08,384.26,7.0703,1690.43,1705.1,-14.67,-0.86
2020-06-09,388.52,7.0763,1707.72,1721.9,-14.18,-0.82
2020-06-10,391.51,7.06,1724.83,1720.7,4.13,0.24
2020-06-11,391.33,7.0641,1723.04,1739.8,-16.76,-0.96
2020-06-14,390.29,7.0824,1714.02,1739.8,-25.78,-1.48
2020-06-15,389.97,7.0908,1710.59,1727.2,-16.61,-0.96
2020-06-16,390.53,7.086,1714.2,1736.5,-22.3,-1.28
2020-06-17,389.95,7.0845,1712.02,1735.6,-23.58,-1.36
2020-06-18,390.68,7.0884,1714.28,1731.1,-16.82,-0.97
2020-06-21,395.09,7.0713,1737.82,1731.1,6.72,0.39
2020-06-22,394.39,7.0674,1735.7,1766.4,-30.7,-1.74
2020-06-23,397.03,7.0574,1749.8,1782.0,-32.2,-1.81
2020-06-28,397.48,7.0772,1746.88,1782.0,-35.12,-1.97
2020-06-29,397.79,7.0796,1747.65,1781.2,-33.55,-1.88
2020-06-30,400.43,7.0644,1763.03,1800.5,-37.47,-2.08
2020-07-01,396.64,7.0701,1744.94,1779.9,-34.96,-1.96
2020-07-02,397.71,7.0655,1750.78,1790.0,-39.22,-2.19
2020-07-05,396.81,7.0654,1746.85,1790.0,-43.15,-2.41
2020-07-06,397.66,7.0173,1762.59,1793.5,-30.91,-1.72
2020-07-07,399.36,7.0129,1771.23,1809.9,-38.67,-2.14
2020-07-08,401.91,7.0035,1784.94,1820.6,-35.66,-1.96
2020-07-09,399.18,6.9931,1775.45,1803.8,-28.35,-1.57
2020-07-12,400.85,6.992,1783.16,1803.8,-20.64,-1.14
2020-07-13,400.07,6.9964,1778.57,1814.1,-35.53,-1.96
2020-07-14,400.7,6.9958,1781.52,1813.4,-31.88,-1.76
2020-07-15,399.62,6.9878,1778.75,1813.8,-35.05,-1.93
2020-07-16,397.01,6.9882,1767.03,1800.3,-33.27,-1.85
2020-07-19,398.77,6.9912,1774.11,1800.3,-26.19,-1.45
2020-07-20,401.53,6.9823,1788.66,1817.4,-28.74,-1.58
2020-07-21,411.13,6.9797,1832.11,1843.9,-11.79,-0.64
2020-07-22,413.06,6.9987,1835.71,1865.1,-29.39,-1.58
2020-07-23,416.37,7.0031,1849.26,1890.0,-40.74,-2.16
2020-07-26,426.77,7.0161,1891.94,1890.0,1.94,0.1
2020-07-27,426.34,6.9932,1896.22,1931.0,-34.78,-1.8
2020-07-28,427.54,6.9997,1899.79,1944.6,-44.81,-2.3
2020-07-29,424.52,7.0003,1886.21,1953.4,-67.19,-3.44
2020-07-30,428.25,7.0073,1900.88,1942.3,-41.42,-2.13
2020-08-02,427.25,6.9742,1905.45,1942.3,-36.85,-1.9
2020-08-03,427.87,6.9794,1906.79,1966.0,-59.21,-3.01
2020-08-04,438.84,6.9727,1957.56,2021.0,-63.44,-3.14
2020-08-05,443.08,6.9346,1987.33,2049.3,-61.97,-3.02
2020-08-06,445.48,6.9524,1992.98,2069.4,-76.42,-3.69
2020-08-09,441.81,6.967,1972.42,2069.4,-96.98,-4.69
2020-08-10,433.57,6.9608,1937.35,2039.7,-102.35,-5.02
2020-08-11,406.55,6.9453,1820.67,1946.3,-125.63,-6.45
2020-08-12,412.5,6.9362,1849.74,1949.0,-99.26,-5.09
2020-08-13,417.09,6.9436,1868.33,1970.4,-102.07,-5.18
2020-08-16,420.41,6.9494,1881.63,1970.4,-88.77,-4.51
2020-08-17,429.21,6.9318,1925.9,1998.7,-72.8,-3.64
2020-08-18,423.92,6.9208,1905.18,2013.1,-107.92,-5.36
2020-08-19,414.83,6.9192,1864.76,1970.3,-105.54,-5.36
2020-08-20,415.36,6.9148,1868.33,1946.5,-78.17,-4.02
2020-08-23,412.74,6.9185,1855.55,1946.5,-90.95,-4.67
2020-08-24,413.72,6.9189,1859.85,1939.2,-79.35,-4.09
2020-08-25,412.43,6.9119,1855.93,1923.1,-67.17,-3.49
2020-08-26,417.59,6.8849,1886.52,1952.5,-65.98,-3.38
2020-08-27,417.68,6.8892,1885.75,1932.6,-46.85,-2.42
2020-08-30,419.14,6.8644,1899.18,1932.6,-33.42,-1.73
2020-08-31,423.5,6.8477,1923.61,1978.6,-54.99,-2.78
2020-09-01,419.61,6.8275,1911.58,1978.9,-67.32,-3.4
2020-09-02,412.18,6.8373,1875.04,1944.7,-69.66,-3.58
2020-09-03,413.84,6.8458,1880.26,1937.8,-57.54,-2.97
2020-09-06,413.56,6.8415,1880.17,1937.8,-57.63,-2.97
2020-09-07,413.95,6.8295,1885.25,1937.8,-52.55,-2.71
2020-09-08,413.83,6.8451,1880.4,1943.2,-62.8,-3.23
2020-09-09,416.98,6.8318,1898.41,1954.9,-56.49,-2.89
2020-09-10,415.91,6.8333,1893.12,1964.3,-71.18,-3.62
2020-09-13,415.9,6.8334,1893.05,1964.3,-71.25,-3.63
2020-09-14,417.12,6.8091,1905.37,1963.7,-58.33,-2.97
2020-09-15,416.02,6.7803,1908.42,1966.2,-57.78,-2.94
2020-09-16,413.54,6.7537,1904.52,1970.5,-65.98,-3.35
2020-09-17,414.77,6.7641,1907.24,1949.9,-42.66,-2.19
2020-09-20,414.65,6.768,1905.59,1949.9,-44.31,-2.27
2020-09-21,405.8,6.8037,1855.14,1910.6,-55.46,-2.9
2020-09-22,399.33,6.7784,1832.37,1907.6,-75.23,-3.94
2020-09-23,394.5,6.8089,1802.1,1868.4,-66.3,-3.55
2020-09-24,399.79,6.8277,1821.24,1876.9,-55.66,-2.97
2020-09-27,398.66,6.8228,1817.39,1876.9,-59.51,-3.17
2020-09-28,403.86,6.8108,1844.34,1882.3,-37.96,-2.02
2020-09-29,403.68,6.8154,1842.28,1903.2,-60.92,-3.2
2020-10-08,404.18,6.7892,1851.68,1895.1,-43.42,-2.29
2020-10-11,408.68,6.6937,1899.0,1895.1,3.9,0.21
2020-10-12,406.64,6.7444,1875.32,1928.9,-53.58,-2.78
2020-10-13,402.53,6.7455,1856.06,1894.6,-38.54,-2.03
2020-10-14,401.99,6.7136,1862.38,1907.3,-44.92,-2.36
2020-10-15,403.63,6.7239,1867.12,1908.9,-41.78,-2.19
2020-10-18,403.96,6.6966,1876.26,1908.9,-32.64,-1.71
2020-10-19,402.16,6.6807,1872.34,1911.7,-39.36,-2.06
2020-10-20,403.98,6.6752,1882.37,1915.4,-33.03,-1.72
2020-10-21,403.89,6.65,1889.08,1929.5,-40.42,-2.09
2020-10-22,402.63,6.6835,1873.75,1904.6,-30.85,-1.62
2020-10-25,400.68,6.6835,1864.67,1904.6,-39.93,-2.1
2020-10-26,404.28,6.6857,1880.81,1905.7,-24.89,-1.31
2020-10-27,404.43,6.7113,1874.33,1911.9,-37.57,-1.97
2020-10-28,399.09,6.7044,1851.48,1879.2,-27.72,-1.47
2020-10-29,396.52,6.7279,1833.14,1868.0,-34.86,-1.87
2020-11-01,400.11,6.7279,1849.73,1868.0,-18.27,-0.98
2020-11-02,401.76,6.6891,1868.13,1892.5,-24.37,-1.29
2020-11-03,403.43,6.6897,1875.73,1910.4,-34.67,-1.81
2020-11-04,403.25,6.6766,1878.57,1896.2,-17.63,-0.93
2020-11-05,407.15,6.652,1903.76,1946.8,-43.04,-2.21
2020-11-08,406.55,6.652,1900.95,1946.8,-45.85,-2.36
2020-11-09,396.23,6.6104,1864.35,1854.4,9.95,0.54
2020-11-10,395.17,6.6281,1854.4,1876.4,-22.0,-1.17
2020-11-11,394.7,6.6148,1855.92,1861.6,-5.68,-0.31
2020-11-12,396.15,6.6308,1858.24,1873.3,-15.06,-0.8
2020-11-15,396.02,6.6308,1857.63,1873.3,-15.67,-0.84
2020-11-16,395.13,6.6054,1860.59,1887.8,-27.21,-1.44
2020-11-17,393.04,6.5838,1856.82,1885.1,-28.28,-1.5
2020-11-18,391.16,6.5551,1856.03,1873.9,-17.87,-0.95
2020-11-19,391.26,6.5595,1855.26,1861.5,-6.24,-0.34
2020-11-22,391.56,6.5595,1856.68,1861.5,-4.82,-0.26
2020-11-23,383.05,6.5619,1815.66,1837.8,-22.14,-1.2
2020-11-24,378.61,6.5845,1788.46,1804.6,-16.14,-0.89
2020-11-25,378.91,6.5902,1788.32,1805.5,-17.18,-0.95
2020-11-26,378.83,6.5775,1791.4,1805.5,-14.1,-0.78
2020-11-29,369.7,6.5775,1748.23,1805.5,-57.27,-3.17
2020-11-30,372.24,6.576,1760.64,1775.7,-15.06,-0.85
2020-12-01,377.72,6.5778,1786.07,1814.1,-28.03,-1.55
2020-12-02,381.7,6.5708,1806.81,1830.2,-23.39,-1.28
2020-12-03,382.08,6.5624,1810.93,1841.1,-30.17,-1.64
2020-12-06,381.87,6.5624,1809.93,1841.1,-31.17,-1.69
2020-12-07,386.96,6.5306,1842.99,1866.0,-23.01,-1.23
2020-12-08,384.9,6.5287,1833.71,1874.9,-41.19,-2.2
2020-12-09,381.19,6.5317,1815.2,1838.5,-23.3,-1.27
2020-12-10,380.97,6.5422,1811.24,1837.4,-26.16,-1.42
2020-12-13,380.82,6.5422,1810.53,1837.4,-26.87,-1.46
2020-12-14,383.5,6.5457,1822.29,1832.1,-9.81,-0.54
2020-12-15,386.08,6.5497,1833.43,1855.3,-21.87,-1.18
2020-12-16,388.24,6.5383,1846.9,1859.1,-12.2,-0.66
2020-12-17,391.19,6.5313,1862.93,1890.4,-27.47,-1.45
2020-12-20,396.35,6.5313,1887.51,1890.4,-2.89,-0.15
2020-12-21,390.41,6.536,1857.88,1882.8,-24.92,-1.32
2020-12-22,389.13,6.5482,1848.34,1870.3,-21.96,-1.17
2020-12-23,390.66,6.5422,1857.31,1878.1,-20.79,-1.11
2020-12-24,392.37,6.5396,1866.18,1883.2,-17.02,-0.9
2020-12-27,392.63,6.5396,1867.42,1883.2,-15.78,-0.84
2020-12-28,390.42,6.5408,1856.56,1880.4,-23.84,-1.27
2020-12-29,390.46,6.5356,1858.23,1882.9,-24.67,-1.31
2020-12-30,392.56,6.53,1869.83,1893.4,-23.57,-1.24
2021-01-03,397.93,6.53,1895.41,1893.4,2.01,0.11
2021-01-04,400.14,6.532,1905.35,1946.6,-41.25,-2.12
2021-01-05,400.87,6.4605,1929.95,1954.4,-24.45,-1.25
2021-01-06,398.1,6.4552,1918.19,1908.6,9.59,0.5
2021-01-07,395.25,6.4607,1902.84,1913.6,-10.76,-0.56
2021-01-10,384.25,6.4607,1849.88,1913.6,-63.72,-3.33
2021-01-11,387.62,6.4743,1862.18,1850.8,11.38,0.62
2021-01-12,386.87,6.4797,1857.03,1844.2,12.83,0.7
2021-01-13,384.11,6.4629,1848.58,1854.9,-6.32,-0.34
2021-01-14,385.53,6.467,1854.23,1851.4,2.83,0.15
2021-01-17,384.68,6.467,1850.14,1851.4,-1.26,-0.07
2021-01-18,384.82,6.4797,1847.19,1851.4,-4.21,-0.23
2021-01-19,386.43,6.4914,1851.58,1840.2,11.38,0.62
2021-01-20,389.73,6.4779,1871.28,1866.5,4.78,0.26
2021-01-21,387.96,6.4654,1866.38,1865.9,0.48,0.03
2021-01-24,386.27,6.4654,1858.25,1865.9,-7.65,-0.41
2021-01-25,387.05,6.4808,1857.58,1855.2,2.38,0.13
2021-01-26,384.92,6.4787,1847.96,1850.9,-2.94,-0.16
2021-01-27,383.4,6.4637,1844.93,1844.9,0.03,0.0
2021-01-28,385.0,6.4821,1847.37,1837.9,9.47,0.52
2021-01-31,389.02,6.4821,1866.66,1837.9,28.76,1.56
2021-02-01,386.19,6.4268,1869.03,1863.9,5.13,0.27
2021-02-02,382.34,6.4675,1838.75,1833.4,5.35,0.29
2021-02-03,379.48,6.4564,1828.13,1835.1,-6.97,-0.38
2021-02-04,375.33,6.4592,1807.36,1791.2,16.16,0.9
2021-02-07,378.69,6.4592,1823.53,1791.2,32.33,1.81
2021-02-08,383.02,6.4657,1842.53,1834.2,8.33,0.45
2021-02-09,383.07,6.448,1847.83,1837.5,10.33,0.56
2021-02-17,371.86,6.4571,1791.23,1772.8,18.43,1.04
2021-02-18,370.31,6.4576,1783.62,1775.0,8.62,0.49
2021-02-21,374.42,6.4576,1803.42,1775.0,28.42,1.6
2021-02-22,378.12,6.4858,1813.32,1808.4,4.92,0.27
2021-02-23,377.44,6.4631,1816.42,1805.9,10.52,0.58
2021-02-24,373.86,6.463,1799.22,1797.9,1.32,0.07
2021-02-25,368.31,6.456,1774.43,1775.4,-0.97,-0.05
2021-02-28,366.56,6.456,1766.0,1775.4,-9.4,-0.53
2021-03-01,360.1,6.4779,1729.01,1723.0,6.01,0.35
2021-03-02,361.74,6.4632,1740.84,1733.6,7.24,0.42
2021-03-03,358.59,6.4695,1724.0,1715.8,8.2,0.48
2021-03-04,355.19,6.4668,1708.36,1700.7,7.66,0.45
2021-03-07,359.17,6.4668,1727.51,1700.7,26.81,1.58
2021-03-08,357.71,6.4957,1712.83,1678.0,34.83,2.08
2021-03-09,361.36,6.5246,1722.64,1716.9,5.74,0.33
2021-03-10,364.52,6.5056,1742.78,1721.8,20.98,1.22
2021-03-11,359.72,6.5049,1720.02,1722.6,-2.58,-0.15
2021-03-14,362.91,6.5049,1735.27,1722.6,12.67,0.74
2021-03-15,363.58,6.4985,1740.19,1729.2,10.99,0.64
2021-03-16,364.73,6.4989,1745.58,1730.9,14.68,0.85
2021-03-17,367.85,6.505,1758.86,1727.1,31.76,1.84
2021-03-18,366.07,6.5026,1751.0,1732.5,18.5,1.07
2021-03-21,364.38,6.5026,1742.92,1732.5,10.42,0.6
2021-03-22,365.71,6.499,1750.25,1738.1,12.15,0.7
2021-03-23,365.09,6.5063,1745.32,1725.1,20.22,1.17
2021-03-24,365.92,6.5149,1746.98,1733.2,13.78,0.79
2021-03-25,364.96,6.5146,1742.47,1725.1,17.37,1.01
2021-03-28,365.24,6.5405,1736.91,1725.1,11.81,0.68
2021-03-29,360.76,6.5687,1708.24,1712.2,-3.96,-0.23
2021-03-30,356.58,6.571,1687.85,1683.9,3.95,0.23
2021-03-31,363.99,6.5512,1728.13,1713.8,14.33,0.84
2021-04-01,368.38,6.5644,1745.46,1728.4,17.06,0.99
2021-04-05,366.46,6.5659,1735.97,1728.8,7.17,0.41
2021-04-06,367.78,6.5385,1749.52,1743.0,6.52,0.37
2021-04-07,368.79,6.541,1753.65,1741.6,12.05,0.69
2021-04-08,370.57,6.55,1759.7,1758.2,1.5,0.09
2021-04-11,368.5,6.552,1749.33,1758.2,-8.87,-0.5
2021-04-12,365.07,6.5479,1734.14,1732.7,1.44,0.08
2021-04-13,368.75,6.5426,1753.04,1747.6,5.44,0.31
2021-04-14,368.54,6.5281,1755.93,1736.3,19.63,1.13
2021-04-15,371.78,6.5213,1773.21,1766.8,6.41,0.36
2021-04-18,374.78,6.5111,1790.32,1766.8,23.52,1.33
2021-04-19,371.27,6.5093,1774.04,1770.6,3.44,0.19
2021-04-20,375.02,6.4985,1794.94,1778.4,16.54,0.93
2021-04-21,375.23,6.49,1798.3,1793.1,5.2,0.29
2021-04-22,374.41,6.4903,1794.29,1782.0,12.29,0.69
2021-04-25,372.65,6.4944,1784.72,1782.0,2.72,0.15
2021-04-26,372.97,6.4845,1788.98,1780.1,8.88,0.5
2021-04-27,370.64,6.4821,1778.47,1778.8,-0.33,-0.02
2021-04-28,371.81,6.4779,1785.24,1773.9,11.34,0.64
2021-04-29,370.52,6.4712,1780.88,1768.3,12.58,0.71
2021-05-05,375.64,6.473,1804.99,1784.3,20.69,1.16
2021-05-06,379.39,6.4632,1825.77,1815.7,10.07,0.55
2021-05-09,380.68,6.4315,1841.01,1815.7,25.31,1.39
2021-05-10,380.75,6.4151,1846.06,1837.6,8.46,0.46
2021-05-11,381.28,6.4283,1844.83,1836.1,8.73,0.48
2021-05-12,379.5,6.4552,1828.57,1822.8,5.77,0.32
2021-05-13,381.52,6.4509,1839.53,1824.0,15.53,0.85
2021-05-16,385.71,6.4361,1864.0,1824.0,40.0,2.19
2021-05-17,388.35,6.4382,1876.15,1867.6,8.55,0.46
2021-05-18,388.74,6.4242,1882.13,1868.0,14.13,0.76
2021-05-19,389.3,6.434,1881.97,1881.5,0.47,0.02
2021-05-20,389.33,6.4339,1882.14,1881.9,0.24,0.01
2021-05-23,390.85,6.4332,1889.7,1881.9,7.8,0.41
2021-05-24,389.67,6.4183,1888.36,1884.5,3.86,0.21
2021-05-25,393.3,6.41,1908.42,1898.0,10.42,0.55
2021-05-26,391.27,6.3907,1904.31,1901.2,3.11,0.16
2021-05-27,388.44,6.382,1893.11,1895.7,-2.59,-0.14
2021-05-30,391.22,6.3674,1911.03,1895.7,15.33,0.81
2021-05-31,393.56,6.369,1921.98,1895.7,26.28,1.39
2021-06-01,387.57,6.3807,1889.26,1905.0,-15.74,-0.83
2021-06-02,385.08,6.3801,1877.29,1909.9,-32.61,-1.71
2021-06-03,381.25,6.4027,1852.06,1873.3,-21.24,-1.13
2021-06-06,383.82,6.3943,1867.0,1873.3,-6.3,-0.34
2021-06-07,385.54,6.3963,1874.78,1898.8,-24.02,-1.27
2021-06-08,385.7,6.3995,1874.62,1894.4,-19.78,-1.04
2021-06-09,384.68,6.3865,1873.47,1895.5,-22.03,-1.16
2021-06-10,387.9,6.3923,1887.43,1896.4,-8.97,-0.47
2021-06-14,381.33,6.3972,1854.04,1865.9,-11.86,-0.64
2021-06-15,380.9,6.405,1849.7,1856.4,-6.7,-0.36
2021-06-16,374.57,6.3967,1821.32,1861.4,-40.08,-2.15
2021-06-17,370.29,6.4474,1786.35,1774.8,11.55,0.65
2021-06-20,370.51,6.4521,1786.11,1774.8,11.31,0.64
2021-06-21,371.4,6.4659,1786.58,1782.9,3.68,0.21
2021-06-22,372.3,6.4803,1786.93,1777.4,9.53,0.54
2021-06-23,370.45,6.473,1780.05,1783.4,-3.35,-0.19
2021-06-24,370.09,6.471,1778.87,1776.7,2.17,0.12
2021-06-27,370.92,6.4463,1789.69,1776.7,12.99,0.73
2021-06-28,369.58,6.4551,1780.8,1780.7,0.1,0.01
2021-06-29,366.13,6.4631,1761.99,1763.6,-1.61,-0.09
2021-06-30,370.42,6.4562,1784.54,1771.6,12.94,0.73
2021-07-01,371.15,6.4676,1784.91,1776.8,8.11,0.46
2021-07-04,371.99,6.4721,1787.7,1776.8,10.9,0.61
2021-07-05,375.6,6.4628,1807.65,1776.8,30.85,1.74
2021-07-06,375.64,6.4781,1803.57,1794.2,9.37,0.52
2021-07-07,375.05,6.4715,1802.57,1802.1,0.47,0.03
2021-07-08,375.88,6.4891,1801.66,1800.2,1.46,0.08
2021-07-11,375.38,6.478,1802.35,1800.2,2.15,0.12
2021-07-12,376.97,6.4746,1810.93,1805.9,5.03,0.28
2021-07-13,377.82,6.4675,1817.01,1809.9,7.11,0.39
2021-07-14,380.7,6.4683,1830.63,1825.0,5.63,0.31
2021-07-15,379.72,6.4601,1828.24,1829.0,-0.76,-0.04
2021-07-18,376.46,6.4782,1807.48,1829.0,-21.52,-1.18
2021-07-19,379.08,6.4894,1816.92,1809.2,7.72,0.43
2021-07-20,377.32,6.4839,1810.02,1811.4,-1.38,-0.08
2021-07-21,374.89,6.467,1803.06,1803.4,-0.34,-0.02
2021-07-22,376.46,6.4697,1809.85,1805.4,4.45,0.25
2021-07-25,377.29,6.4804,1810.85,1805.4,5.45,0.3
2021-07-26,374.42,6.4817,1796.71,1799.2,-2.49,-0.14
2021-07-27,378.08,6.5097,1806.47,1799.8,6.67,0.37
2021-07-28,379.25,6.4894,1817.73,1799.7,18.03,1.0
2021-07-29,380.47,6.4553,1833.21,1831.2,2.01,0.11
2021-08-01,376.4,6.4605,1812.14,1831.2,-19.06,-1.04
2021-08-02,376.61,6.461,1813.01,1822.2,-9.19,-0.5
2021-08-03,377.37,6.4692,1814.37,1814.1,0.27,0.01
2021-08-04,376.78,6.4652,1812.65,1814.5,-1.85,-0.1
2021-08-05,374.81,6.4603,1804.54,1808.9,-4.36,-0.24
2021-08-08,364.85,6.4825,1750.58,1808.9,-58.32,-3.22
2021-08-09,363.04,6.4852,1741.17,1726.5,14.67,0.85
2021-08-10,362.59,6.4849,1739.09,1731.7,7.39,0.43
2021-08-11,366.2,6.4782,1758.22,1753.3,4.92,0.28
2021-08-12,367.15,6.4783,1762.75,1751.8,10.95,0.63
2021-08-15,370.45,6.4764,1779.12,1751.8,27.32,1.56
2021-08-16,374.47,6.4736,1799.2,1789.8,9.4,0.53
2021-08-17,374.54,6.4851,1796.35,1787.8,8.55,0.48
2021-08-18,373.09,6.4832,1789.92,1784.4,5.52,0.31
2021-08-19,374.47,6.4937,1793.63,1783.1,10.53,0.59
2021-08-22,373.82,6.4916,1791.1,1783.1,8.0,0.45
2021-08-23,376.5,6.48,1807.17,1806.3,0.87,0.05
2021-08-24,374.63,6.4699,1801.0,1808.5,-7.5,-0.41
2021-08-25,373.06,6.4749,1792.07,1791.0,1.07,0.06
2021-08-26,376.52,6.4805,1807.13,1795.2,11.93,0.66
2021-08-29,377.67,6.4708,1815.36,1795.2,20.16,1.12
2021-08-30,377.73,6.4651,1817.25,1812.2,5.05,0.28
2021-08-31,377.9,6.4596,1819.62,1818.1,1.52,0.08
2021-09-01,377.44,6.459,1817.57,1816.0,1.57,0.09
2021-09-02,377.19,6.4554,1817.38,1811.5,5.88,0.32
2021-09-05,379.81,6.4519,1831.0,1811.5,19.5,1.08
2021-09-06,378.09,6.4567,1821.35,1811.5,9.85,0.54
2021-09-07,373.85,6.4655,1798.47,1798.5,-0.03,-0.0
2021-09-08,372.32,6.4607,1792.44,1793.5,-1.06,-0.06
2021-09-09,374.58,6.4543,1805.11,1800.0,5.11,0.28
2021-09-12,372.5,6.4434,1798.13,1800.0,-1.87,-0.1
2021-09-13,372.86,6.4508,1797.8,1794.4,3.4,0.19
2021-09-14,374.09,6.4383,1807.23,1807.1,0.13,0.01
2021-09-15,371.03,6.4314,1794.37,1794.8,-0.43,-0.02
2021-09-16,367.26,6.4566,1769.21,1756.7,12.51,0.71
2021-09-21,371.74,6.466,1788.19,1778.2,9.99,0.56
2021-09-22,368.74,6.4608,1775.18,1778.8,-3.62,-0.2
2021-09-23,366.46,6.4579,1765.0,1749.8,15.2,0.87
2021-09-26,367.4,6.4657,1767.39,1749.8,17.59,1.01
2021-09-27,364.21,6.456,1754.68,1752.0,2.68,0.15
2021-09-28,363.54,6.459,1750.64,1737.5,13.14,0.76
2021-09-29,361.47,6.4696,1737.82,1722.9,14.92,0.87
2021-10-07,366.78,6.4452,1770.02,1759.2,10.82,0.62
2021-10-10,365.24,6.4423,1763.38,1759.2,4.18,0.24
2021-10-11,367.26,6.4496,1771.13,1755.7,15.43,0.88
2021-10-12,367.06,6.448,1770.6,1759.3,11.3,0.64
2021-10-13,371.99,6.4266,1800.36,1794.7,5.66,0.32
2021-10-14,371.48,6.439,1794.43,1797.9,-3.47,-0.19
2021-10-17,366.62,6.4348,1772.11,1797.9,-25.79,-1.43
2021-10-18,367.68,6.4289,1778.86,1765.7,13.16,0.75
2021-10-19,366.66,6.3818,1787.02,1770.5,16.52,0.93
2021-10-20,368.36,6.3929,1792.19,1784.9,7.29,0.41
2021-10-21,369.79,6.3918,1799.45,1781.9,17.55,0.99
2021-10-24,369.12,6.3839,1798.42,1781.9,16.52,0.93
2021-10-25,370.7,6.3847,1805.89,1806.8,-0.91,-0.05
2021-10-26,367.86,6.3815,1792.95,1793.4,-0.45,-0.02
2021-10-27,371.5,6.3916,1807.83,1798.8,9.03,0.5
2021-10-28,369.66,6.3904,1799.22,1802.6,-3.38,-0.19
2021-10-31,367.9,6.3904,1790.65,1802.6,-11.95,-0.66
2021-11-01,370.1,6.4047,1797.34,1795.8,1.54,0.09
2021-11-02,367.37,6.3962,1786.45,1789.4,-2.95,-0.16
2021-11-03,365.72,6.3989,1777.67,1763.9,13.77,0.78
2021-11-04,370.72,6.4062,1799.93,1793.5,6.43,0.36
2021-11-07,374.72,6.4062,1819.35,1793.5,25.85,1.44
2021-11-08,376.0,6.3979,1827.93,1828.0,-0.07,-0.0
2021-11-09,376.16,6.3916,1830.51,1830.8,-0.29,-0.02
2021-11-10,381.84,6.3917,1858.12,1848.3,9.82,0.53
2021-11-11,382.33,6.3881,1861.55,1863.9,-2.35,-0.13
2021-11-14,380.89,6.3881,1854.54,1863.9,-9.36,-0.5
2021-11-15,382.64,6.3786,1865.84,1866.6,-0.76,-0.04
2021-11-16,381.17,6.3821,1857.65,1854.1,3.55,0.19
2021-11-17,382.6,6.3911,1861.99,1870.2,-8.21,-0.44
2021-11-18,381.8,6.3769,1862.24,1861.4,0.84,0.05
2021-11-21,378.56,6.3769,1846.44,1861.4,-14.96,-0.8
2021-11-22,371.31,6.3862,1808.44,1806.3,2.14,0.12
2021-11-23,369.6,6.3843,1800.64,1783.8,16.84,0.94
2021-11-24,369.34,6.3908,1797.55,1784.3,13.25,0.74
2021-11-25,371.21,6.3918,1806.36,1784.3,22.06,1.24
2021-11-28,369.67,6.3918,1798.87,1784.3,14.57,0.82
2021-11-29,368.63,6.392,1793.75,1782.3,11.45,0.64
2021-11-30,367.5,6.387,1789.66,1773.6,16.06,0.91
2021-12-01,365.73,6.3632,1787.7,1784.3,3.4,0.19
2021-12-02,364.83,6.3673,1782.15,1762.7,19.45,1.1
2021-12-05,367.58,6.3673,1795.58,1762.7,32.88,1.87
2021-12-06,366.84,6.3753,1789.72,1779.5,10.22,0.57
2021-12-07,367.36,6.3748,1792.4,1784.7,7.7,0.43
2021-12-08,365.8,6.3663,1787.17,1785.5,1.67,0.09
2021-12-09,364.83,6.3437,1788.78,1776.7,12.08,0.68
2021-12-12,367.03,6.3437,1799.57,1776.7,22.87,1.29
2021-12-13,367.57,6.36,1797.6,1788.3,9.3,0.52
2021-12-14,363.67,6.3655,1776.99,1772.3,4.69,0.26
2021-12-15,367.07,6.3665,1793.32,1764.5,28.82,1.63
2021-12-16,371.73,6.3665,1816.08,1798.2,17.88,0.99
2021-12-19,371.13,6.3665,1813.15,1798.2,14.95,0.83
2021-12-20,368.9,6.374,1800.14,1794.6,5.54,0.31
2021-12-21,368.0,6.3746,1795.58,1788.7,6.88,0.38
2021-12-22,371.63,6.3706,1814.43,1802.2,12.23,0.68
2021-12-23,372.43,6.3691,1818.76,1811.7,7.06,0.39
2021-12-26,372.27,6.3691,1817.98,1811.7,6.28,0.35
2021-12-27,373.27,6.3666,1823.58,1808.8,14.78,0.82
2021-12-28,371.51,6.3698,1814.07,1810.9,3.17,0.17
2021-12-29,369.81,6.3672,1806.5,1805.8,0.7,0.04
2021-12-30,374.0,6.3673,1826.94,1814.1,12.84,0.71
2022-01-03,371.11,6.3549,1816.36,1800.1,16.26,0.9
2022-01-04,372.52,6.3551,1823.21,1814.6,8.61,0.47
2022-01-05,370.06,6.3543,1811.4,1825.1,-13.7,-0.75
2022-01-06,368.26,6.354,1802.67,1789.2,13.47,0.75
2022-01-09,368.6,6.354,1804.33,1789.2,15.13,0.85
2022-01-10,371.66,6.3762,1812.98,1798.8,14.18,0.79
2022-01-11,373.6,6.3739,1823.1,1818.5,4.6,0.25
2022-01-12,374.32,6.3729,1826.9,1827.3,-0.4,-0.02
2022-01-13,374.31,6.3576,1831.25,1821.4,9.85,0.54
2022-01-16,372.41,6.3576,1821.95,1821.4,0.55,0.03
2022-01-17,371.83,6.3515,1820.86,1821.4,-0.54,-0.03
2022-01-18,371.61,6.3467,1821.16,1812.4,8.76,0.48
2022-01-19,376.31,6.3522,1842.6,1843.2,-0.6,-0.03
2022-01-20,376.4,6.3435,1845.57,1842.6,2.97,0.16
2022-01-23,375.39,6.3435,1840.61,1842.6,-1.99,-0.11
2022-01-24,376.1,6.3377,1845.78,1841.7,4.08,0.22
2022-01-25,376.73,6.3298,1851.18,1852.5,-1.32,-0.07
2022-01-26,370.81,6.3265,1823.04,1829.7,-6.66,-0.36
2022-01-27,368.69,6.3196,1814.6,1793.1,21.5,1.2
2022-02-06,371.12,6.3196,1826.56,1793.1,33.46,1.87
2022-02-07,373.21,6.3595,1825.32,1821.8,3.52,0.19
2022-02-08,374.94,6.3523,1835.86,1827.9,7.96,0.44
2022-02-09,375.87,6.3657,1836.54,1836.6,-0.06,-0.0
2022-02-10,373.97,6.3614,1828.49,1837.4,-8.91,-0.48
2022-02-13,379.9,6.3614,1857.49,1837.4,20.09,1.09
2022-02-14,384.18,6.3531,1880.87,1869.4,11.47,0.61
2022-02-15,378.81,6.3559,1853.76,1856.2,-2.44,-0.13
2022-02-16,382.64,6.338,1877.79,1871.5,6.29,0.34
2022-02-17,385.42,6.3356,1892.15,1902.0,-9.85,-0.52
2022-02-20,385.32,6.3356,1891.66,1902.0,-10.34,-0.54
2022-02-21,389.73,6.3242,1916.76,1902.0,14.76,0.78
2022-02-22,386.94,6.3342,1900.03,1907.4,-7.37,-0.39
2022-02-23,394.94,6.3253,1942.04,1910.4,31.64,1.66
2022-02-24,390.06,6.3123,1922.0,1926.3,-4.3,-0.22
2022-02-27,387.87,6.3123,1911.21,1926.3,-15.09,-0.78
2022-02-28,387.9,6.316,1910.23,1900.7,9.53,0.5
2022-03-01,393.51,6.3084,1940.2,1943.8,-3.6,-0.19
2022-03-02,392.32,6.3115,1933.38,1922.3,11.08,0.58
2022-03-03,393.75,6.3196,1937.94,1935.9,2.04,0.11
2022-03-06,402.29,6.3196,1979.97,1935.9,44.07,2.28
2022-03-07,409.6,6.3167,2016.87,1995.9,20.97,1.05
2022-03-08,415.48,6.3193,2044.98,2043.3,1.68,0.08
2022-03-09,402.67,6.3176,1982.47,1988.2,-5.73,-0.29
2022-03-10,403.65,6.3166,1987.61,2000.4,-12.79,-0.64
2022-03-13,401.68,6.3166,1977.91,2000.4,-22.49,-1.12
2022-03-14,393.83,6.3387,1932.49,1960.8,-28.31,-1.44
2022-03-15,390.79,6.3645,1909.8,1929.7,-19.9,-1.03
2022-03-16,394.54,6.3691,1926.73,1909.2,17.53,0.92
2022-03-17,395.07,6.3512,1934.76,1943.2,-8.44,-0.43
2022-03-20,393.89,6.3512,1928.98,1943.2,-14.22,-0.73
2022-03-21,396.44,6.3602,1938.72,1929.5,9.22,0.48
2022-03-22,393.85,6.3545,1927.78,1921.5,6.28,0.33
2022-03-23,398.27,6.3653,1946.11,1937.3,8.81,0.45
2022-03-24,400.83,6.3713,1956.78,1962.2,-5.42,-0.28
2022-03-27,396.92,6.3652,1939.55,1962.2,-22.65,-1.15
2022-03-28,394.59,6.3707,1926.49,1939.8,-13.31,-0.69
2022-03-29,393.96,6.3631,1925.72,1912.2,13.52,0.71
2022-03-30,393.55,6.3462,1928.84,1933.5,-4.66,-0.24
2022-03-31,395.3,6.3389,1939.64,1949.2,-9.56,-0.49
2022-04-05,393.62,6.3631,1924.05,1927.5,-3.45,-0.18
2022-04-06,394.18,6.3585,1928.19,1923.1,5.09,0.26
2022-04-07,395.05,6.3597,1932.08,1937.8,-5.72,-0.3
2022-04-10,398.22,6.364,1946.26,1937.8,8.46,0.44
2022-04-11,400.81,6.3687,1957.48,1948.2,9.28,0.48
2022-04-12,402.44,6.365,1966.58,1976.1,-9.52,-0.48
2022-04-13,402.94,6.3672,1968.34,1984.7,-16.36,-0.82
2022-04-14,404.46,6.3774,1972.61,1974.9,-2.29,-0.12
2022-04-17,406.75,6.3702,1986.02,1974.9,11.12,0.56
2022-04-18,404.34,6.3662,1975.49,1986.4,-10.91,-0.55
2022-04-19,399.31,6.3924,1942.92,1959.0,-16.08,-0.82
2022-04-20,404.02,6.4177,1958.09,1955.6,2.49,0.13
2022-04-21,405.9,6.4493,1957.56,1948.2,9.36,0.48
2022-04-24,403.75,6.5003,1931.92,1948.2,-16.28,-0.84
2022-04-25,400.55,6.5579,1899.77,1896.0,3.77,0.2
2022-04-26,400.32,6.5563,1899.14,1904.1,-4.96,-0.26
2022-04-27,399.74,6.5595,1895.47,1888.7,6.77,0.36
2022-04-28,404.95,6.6253,1901.1,1891.3,9.8,0.52
2022-05-04,403.77,6.6075,1900.67,1868.8,31.87,1.71
2022-05-05,402.81,6.6546,1882.73,1875.7,7.03,0.37
2022-05-08,404.53,6.6656,1887.65,1875.7,11.95,0.64
2022-05-09,401.62,6.7298,1856.19,1858.6,-2.41,-0.13
2022-05-10,399.39,6.7336,1844.84,1841.0,3.84,0.21
2022-05-11,403.31,6.7207,1866.52,1853.7,12.82,0.69
2022-05-12,399.36,6.7859,1830.48,1824.6,5.88,0.32
2022-05-15,395.58,6.788,1812.6,1824.6,-12.0,-0.66
2022-05-16,397.72,6.7851,1823.18,1814.0,9.18,0.51
2022-05-17,393.27,6.7362,1815.87,1818.9,-3.03,-0.17
2022-05-18,394.87,6.7534,1818.61,1815.9,2.71,0.15
2022-05-19,397.45,6.7121,1841.76,1841.2,0.56,0.03
2022-05-22,397.41,6.692,1847.11,1841.2,5.91,0.32
2022-05-23,398.43,6.6498,1863.6,1847.8,15.8,0.85
2022-05-24,398.97,6.653,1865.23,1865.4,-0.17,-0.01
2022-05-25,400.67,6.6917,1862.34,1846.3,16.04,0.87
2022-05-26,402.36,6.7378,1857.4,1847.6,9.8,0.53
2022-05-29,398.96,6.6976,1852.76,1847.6,5.16,0.28
2022-05-30,397.85,6.6603,1857.95,1847.6,10.35,0.56
2022-05-31,395.47,6.6717,1843.68,1842.7,0.98,0.05
2022-06-01,398.46,6.6852,1853.87,1848.7,5.17,0.28
2022-06-05,397.35,6.6593,1855.9,1848.7,7.2,0.39
2022-06-06,395.57,6.6529,1849.36,1843.7,5.66,0.31
2022-06-07,397.38,6.6697,1853.14,1852.1,1.04,0.06
2022-06-08,398.11,6.6827,1852.93,1856.5,-3.57,-0.19
2022-06-09,396.97,6.6908,1845.39,1852.8,-7.41,-0.4
2022-06-12,403.61,6.7079,1871.48,1852.8,18.68,1.01
2022-06-13,395.92,6.7535,1823.42,1831.8,-8.38,-0.46
2022-06-14,393.91,6.7395,1817.93,1813.5,4.43,0.24
2022-06-15,395.19,6.7123,1831.23,1819.6,11.63,0.64
2022-06-16,397.83,6.7034,1845.91,1849.9,-3.99,-0.22
2022-06-19,396.36,6.7157,1835.72,1849.9,-14.18,-0.77
2022-06-20,395.56,6.6914,1838.67,1849.9,-11.23,-0.61
2022-06-21,395.52,6.6884,1839.31,1838.8,0.51,0.03
2022-06-22,396.03,6.7011,1838.19,1838.4,-0.21,-0.01
2022-06-23,393.21,6.6973,1826.14,1829.8,-3.66,-0.2
2022-06-26,395.78,6.6888,1840.41,1829.8,10.61,0.58
2022-06-27,393.52,6.6907,1829.38,1824.8,4.58,0.25
2022-06-28,392.86,6.7073,1821.79,1821.2,0.59,0.03
2022-06-29,392.06,6.6998,1820.12,1817.5,2.62,0.14
2022-06-30,388.67,6.6982,1804.81,1807.3,-2.49,-0.14
2022-07-03,390.58,6.7005,1813.06,1807.3,5.76,0.32
2022-07-04,390.21,6.6986,1811.85,1807.3,4.55,0.25
2022-07-05,382.32,6.7188,1769.88,1763.9,5.98,0.34
2022-07-06,377.22,6.7065,1749.47,1736.5,12.97,0.75
2022-07-07,376.75,6.7005,1748.86,1739.7,9.16,0.53
2022-07-10,376.69,6.6943,1750.2,1739.7,10.5,0.6
2022-07-11,376.74,6.7172,1744.47,1731.7,12.77,0.74
2022-07-12,374.21,6.7233,1731.18,1724.8,6.38,0.37
2022-07-13,373.57,6.7176,1729.68,1735.5,-5.82,-0.34
2022-07-14,372.4,6.7552,1714.67,1705.8,8.87,0.52
2022-07-17,373.46,6.7565,1719.22,1705.8,13.42,0.79
2022-07-18,372.5,6.7423,1718.41,1710.2,8.21,0.48
2022-07-19,372.44,6.7437,1717.78,1710.7,7.08,0.41
2022-07-20,369.38,6.7549,1700.84,1700.2,0.64,0.04
2022-07-21,375.15,6.7656,1724.68,1713.4,11.28,0.66
2022-07-24,376.46,6.7505,1734.57,1713.4,21.17,1.24
2022-07-25,376.69,6.7495,1735.89,1719.1,16.79,0.98
2022-07-26,375.83,6.7623,1728.65,1717.7,10.95,0.64
2022-07-27,379.36,6.7574,1746.15,1719.1,27.05,1.57
2022-07-28,384.72,6.7458,1773.86,1750.3,23.56,1.35
2022-07-31,384.67,6.7432,1774.32,1750.3,24.02,1.37
2022-08-01,387.27,6.7677,1779.84,1787.7,-7.86,-0.44
2022-08-02,385.64,6.7518,1776.53,1789.7,-13.17,-0.74
2022-08-03,386.65,6.757,1779.81,1776.4,3.41,0.19
2022-08-04,389.84,6.7478,1796.94,1806.9,-9.96,-0.55
2022-08-07,387.92,6.7609,1784.62,1806.9,-22.28,-1.23
2022-08-08,389.4,6.7499,1794.35,1805.2,-10.85,-0.6
2022-08-09,390.47,6.7517,1798.8,1812.3,-13.5,-0.74
2022-08-10,388.65,6.7228,1798.11,1813.7,-15.59,-0.86
2022-08-11,390.17,6.7436,1799.58,1807.2,-7.62,-0.42
2022-08-14,391.18,6.7418,1804.72,1807.2,-2.48,-0.14
2022-08-15,390.68,6.772,1794.37,1798.1,-3.73,-0.21
2022-08-16,389.04,6.7874,1782.79,1789.7,-6.91,-0.39
2022-08-17,386.91,6.7799,1774.99,1776.7,-1.71,-0.1
2022-08-18,386.53,6.7846,1772.02,1771.2,0.82,0.05
2022-08-21,385.58,6.8157,1759.6,1771.2,-11.6,-0.66
2022-08-22,386.84,6.8479,1757.05,1748.4,8.65,0.49
2022-08-23,388.64,6.8336,1768.91,1761.2,7.71,0.44
2022-08-24,389.91,6.8585,1768.25,1761.5,6.75,0.38
2022-08-25,390.68,6.8483,1774.38,1771.4,2.98,0.17
2022-08-28,387.38,6.8708,1753.63,1771.4,-17.77,-1.0
2022-08-29,388.94,6.907,1751.47,1749.7,1.77,0.1
2022-08-30,386.53,6.9108,1739.66,1736.3,3.36,0.19
2022-08-31,383.76,6.8889,1732.68,1726.2,6.48,0.38
2022-09-01,383.24,6.9055,1726.17,1709.3,16.87,0.99
2022-09-04,386.93,6.899,1744.44,1709.3,35.14,2.06
2022-09-05,388.87,6.9331,1744.56,1709.3,35.26,2.06
2022-09-06,386.39,6.9531,1728.45,1712.9,15.55,0.91
2022-09-07,389.53,6.9653,1739.44,1727.8,11.64,0.67
2022-09-08,389.85,6.9565,1743.07,1720.2,22.87,1.33
2022-09-12,389.63,6.925,1750.01,1740.6,9.41,0.54
2022-09-13,386.99,6.9241,1738.38,1717.4,20.98,1.22
2022-09-14,384.99,6.961,1720.23,1709.1,11.13,0.65
2022-09-15,383.68,6.993,1706.53,1677.3,29.23,1.74
2022-09-18,384.8,6.979,1714.95,1677.3,37.65,2.24
2022-09-19,385.73,7.0056,1712.56,1678.2,34.36,2.05
2022-09-20,386.26,7.0172,1712.08,1671.1,40.98,2.45
2022-09-21,385.79,7.0479,1702.55,1675.7,26.85,1.6
2022-09-22,387.7,7.0766,1704.04,1681.1,22.94,1.36
2022-09-25,384.59,7.1274,1678.32,1681.1,-2.78,-0.17
2022-09-26,385.47,7.148,1677.32,1633.4,43.92,2.69
2022-09-27,387.17,7.1768,1677.95,1636.2,41.75,2.55
2022-09-28,389.52,7.199,1682.93,1670.0,12.93,0.77
2022-09-29,389.82,7.1239,1701.98,1668.6,33.38,2.0
2022-10-09,392.92,7.115,1717.66,1668.6,49.06,2.94
2022-10-10,392.4,7.1536,1706.13,1675.2,30.93,1.85
2022-10-11,392.63,7.1644,1704.56,1686.0,18.56,1.1
2022-10-12,392.86,7.1741,1703.25,1677.5,25.75,1.54
2022-10-13,392.39,7.1695,1702.31,1677.0,25.31,1.51
2022-10-16,390.66,7.19,1689.97,1677.0,12.97,0.77
2022-10-17,391.3,7.1955,1691.44,1664.0,27.44,1.65
2022-10-18,390.43,7.2006,1686.49,1655.8,30.69,1.85
2022-10-19,388.63,7.2273,1672.51,1634.2,38.31,2.34
2022-10-20,388.23,7.2158,1673.45,1636.8,36.65,2.24
2022-10-23,393.1,7.2428,1688.13,1636.8,51.33,3.14
2022-10-24,393.94,7.2619,1687.29,1654.1,33.19,2.01
2022-10-25,394.09,7.3038,1678.25,1658.0,20.25,1.22
2022-10-26,393.24,7.1719,1705.42,1669.2,36.22,2.17
2022-10-27,392.96,7.2279,1691.01,1665.6,25.41,1.53
2022-10-30,391.77,7.2279,1685.89,1665.6,20.29,1.22
2022-10-31,392.0,7.2514,1681.41,1640.7,40.71,2.48
2022-11-01,392.71,7.3018,1672.83,1649.7,23.13,1.4
2022-11-02,391.74,7.2766,1674.47,1650.0,24.47,1.48
2022-11-03,391.8,7.2887,1671.95,1630.9,41.05,2.52
2022-11-06,394.46,7.2887,1683.3,1630.9,52.4,3.21
2022-11-07,395.57,7.1751,1714.76,1680.5,34.26,2.04
2022-11-08,403.65,7.2288,1736.79,1716.0,20.79,1.21
2022-11-09,403.87,7.2482,1733.09,1713.7,19.39,1.13
2022-11-10,407.18,7.2408,1749.08,1753.7,-4.62,-0.26
2022-11-13,403.5,7.2408,1733.27,1753.7,-20.43,-1.17
2022-11-14,404.87,7.1071,1771.87,1776.9,-5.03,-0.28
2022-11-15,406.81,7.0729,1788.97,1776.8,12.17,0.68
2022-11-16,407.55,7.043,1799.83,1775.8,24.03,1.35
2022-11-17,407.12,7.0872,1786.72,1763.0,23.72,1.35
2022-11-20,404.87,7.0872,1776.85,1763.0,13.85,0.79
2022-11-21,404.81,7.1189,1768.67,1739.6,29.07,1.67
2022-11-22,404.3,7.1642,1755.27,1739.9,15.37,0.88
2022-11-23,405.88,7.1393,1768.28,1745.6,22.68,1.3
2022-11-24,406.94,7.1658,1766.34,1745.6,20.74,1.19
2022-11-27,407.64,7.1658,1769.38,1745.6,23.78,1.36
2022-11-28,406.52,7.1705,1763.36,1740.3,23.06,1.33
2022-11-29,405.85,7.2071,1751.52,1748.4,3.12,0.18
2022-11-30,406.99,7.1594,1768.14,1746.0,22.14,1.27
2022-12-01,409.51,7.0762,1800.0,1815.2,-15.2,-0.84
2022-12-04,405.51,7.0762,1782.42,1815.2,-32.78,-1.81
2022-12-05,401.37,7.0239,1777.36,1781.3,-3.94,-0.22
2022-12-06,401.5,6.9609,1794.03,1782.4,11.63,0.65
2022-12-07,402.88,6.9949,1791.44,1798.0,-6.56,-0.36
2022-12-08,404.09,6.9726,1802.57,1801.5,1.07,0.06
2022-12-11,403.91,6.9726,1801.77,1801.5,0.27,0.01
2022-12-12,403.74,6.9566,1805.15,1792.3,12.85,0.72
2022-12-13,408.22,6.9765,1819.98,1825.5,-5.52,-0.3
2022-12-14,404.87,6.9434,1813.65,1818.7,-5.05,-0.28
2022-12-15,403.0,6.9499,1803.58,1787.8,15.78,0.88
2022-12-18,405.78,6.9499,1816.02,1787.8,28.22,1.58
2022-12-19,405.92,6.9721,1810.86,1797.7,13.16,0.73
2022-12-20,409.27,6.9786,1824.11,1825.4,-1.29,-0.07
2022-12-21,409.82,6.9608,1831.23,1825.4,5.83,0.32
2022-12-22,406.56,6.9806,1811.51,1795.3,16.21,0.9
2022-12-25,407.07,6.9806,1813.78,1795.3,18.48,1.03
2022-12-26,407.59,6.9887,1813.99,1795.3,18.69,1.04
2022-12-27,408.39,6.9612,1824.74,1823.1,1.64,0.09
2022-12-28,407.97,6.959,1823.44,1815.8,7.64,0.42
2022-12-29,410.46,6.9776,1829.67,1826.0,3.67,0.2
2023-01-02,410.66,6.8969,1851.98,1826.0,25.98,1.42
2023-01-03,412.47,6.8971,1860.09,1846.1,13.99,0.76
2023-01-04,412.35,6.9141,1854.98,1859.0,-4.02,-0.22
2023-01-05,409.39,6.8878,1848.7,1840.6,8.1,0.44
2023-01-08,413.77,6.8878,1868.48,1840.6,27.88,1.51
2023-01-09,413.39,6.8374,1880.52,1877.8,2.72,0.14
2023-01-10,414.64,6.771,1904.7,1876.5,28.2,1.5
2023-01-11,414.14,6.7774,1900.61,1878.9,21.71,1.16
2023-01-12,414.43,6.769,1904.3,1898.8,5.5,0.29
2023-01-15,416.7,6.769,1914.73,1898.8,15.93,0.84
2023-01-16,418.53,6.7018,1942.42,1898.8,43.62,2.3
2023-01-17,417.52,6.7325,1928.9,1909.9,19.0,0.99
2023-01-18,419.37,6.7724,1926.03,1907.0,19.03,1.0
2023-01-19,422.31,6.7471,1946.81,1923.9,22.91,1.19
2023-01-29,422.19,6.7471,1946.26,1923.9,22.35,1.16
2023-01-30,419.31,6.7824,1922.92,1922.9,0.02,0.0
2023-01-31,421.26,6.7478,1941.77,1929.5,12.27,0.64
2023-02-01,424.53,6.7536,1955.16,1942.8,12.36,0.64
2023-02-02,419.27,6.7408,1934.6,1930.8,3.8,0.2
2023-02-05,413.73,6.7408,1909.04,1930.8,-21.76,-1.13
2023-02-06,412.85,6.7742,1895.58,1879.5,16.08,0.86
2023-02-07,412.8,6.794,1889.83,1884.8,5.03,0.27
2023-02-08,413.69,6.7912,1894.69,1890.7,3.99,0.21
2023-02-09,411.88,6.7882,1887.23,1878.5,8.73,0.46
2023-02-12,413.7,6.7882,1895.57,1878.5,17.07,0.91
2023-02-13,413.53,6.8083,1889.2,1863.5,25.7,1.38
2023-02-14,412.38,6.8219,1880.19,1865.4,14.79,0.79
2023-02-15,412.0,6.8259,1877.35,1845.3,32.05,1.74
2023-02-16,411.36,6.8519,1867.33,1851.8,15.53,0.84
2023-02-19,413.08,6.8519,1875.13,1851.8,23.33,1.26
2023-02-20,412.49,6.8576,1870.9,1851.8,19.1,1.03
2023-02-21,413.67,6.8541,1877.21,1842.5,34.71,1.88
2023-02-22,412.74,6.8725,1867.97,1841.5,26.47,1.44
2023-02-23,413.64,6.8913,1866.94,1826.8,40.14,2.2
2023-02-26,413.01,6.8913,1864.1,1826.8,37.3,2.04
2023-02-27,413.2,6.955,1847.87,1824.9,22.97,1.26
2023-02-28,414.71,6.9439,1857.59,1836.7,20.89,1.14
2023-03-01,414.25,6.9323,1858.63,1845.4,13.23,0.72
2023-03-02,416.1,6.868,1884.41,1840.5,43.91,2.39
2023-03-05,419.2,6.868,1898.45,1840.5,57.95,3.15
2023-03-06,419.54,6.9068,1889.32,1854.6,34.72,1.87
2023-03-07,415.01,6.9294,1862.82,1820.0,42.82,2.35
2023-03-08,415.25,6.9614,1855.33,1818.6,36.73,2.02
2023-03-09,417.58,6.9503,1868.72,1834.6,34.12,1.86
2023-03-12,421.16,6.9503,1884.74,1834.6,50.14,2.73
2023-03-13,426.33,6.9052,1920.34,1916.5,3.84,0.2
2023-03-14,426.53,6.8446,1938.25,1910.9,27.35,1.43
2023-03-15,430.29,6.8705,1947.97,1931.3,16.67,0.86
2023-03-16,432.46,6.9059,1947.76,1923.0,24.76,1.29
2023-03-19,446.46,6.9059,2010.81,1923.0,87.81,4.57
2023-03-20,441.47,6.8861,1994.05,1982.8,11.25,0.57
2023-03-21,435.1,6.8777,1967.68,1941.1,26.58,1.37
2023-03-22,438.09,6.883,1979.68,1949.6,30.08,1.54
2023-03-23,439.63,6.8792,1987.73,1995.9,-8.17,-0.41
2023-03-26,437.65,6.867,1982.3,1995.9,-13.6,-0.68
2023-03-27,435.12,6.8844,1965.86,1953.8,12.06,0.62
2023-03-28,436.99,6.8733,1977.49,1973.5,3.99,0.2
2023-03-29,437.66,6.8856,1976.99,1966.9,10.09,0.51
2023-03-30,440.01,6.8704,1992.0,1980.3,11.7,0.59
2023-04-02,434.87,6.868,1969.42,1980.3,-10.88,-0.55
2023-04-03,439.88,6.8773,1989.41,2000.4,-10.99,-0.55
2023-04-05,446.5,6.8785,2019.0,2035.6,-16.6,-0.82
2023-04-06,446.33,6.8749,2019.29,2026.4,-7.11,-0.35
2023-04-09,442.02,6.8693,2001.42,2026.4,-24.98,-1.23
2023-04-10,443.7,6.8811,2005.58,2003.8,1.78,0.09
2023-04-11,447.45,6.8855,2021.24,2019.0,2.24,0.11
2023-04-12,447.84,6.8737,2026.47,2024.9,1.57,0.08
2023-04-13,449.76,6.8678,2036.91,2055.3,-18.39,-0.89
2023-04-16,445.29,6.8704,2015.9,2055.3,-39.4,-1.92
2023-04-17,443.47,6.8788,2005.21,2007.0,-1.79,-0.09
2023-04-18,443.24,6.8749,2005.31,2019.7,-14.39,-0.71
2023-04-19,444.06,6.8851,2006.04,2007.3,-1.26,-0.06
2023-04-20,442.05,6.8721,2000.74,2019.1,-18.36,-0.91
2023-04-23,440.8,6.8925,1989.18,2019.1,-29.92,-1.48
2023-04-24,444.59,6.8949,2005.58,1999.8,5.78,0.29
2023-04-25,445.83,6.9316,2000.53,2004.5,-3.97,-0.2
2023-04-26,446.46,6.9258,2005.03,1996.0,9.03,0.45
2023-04-27,443.25,6.9223,1991.62,1999.0,-7.38,-0.37
2023-05-03,453.24,6.9106,2039.96,2037.0,2.96,0.15
2023-05-04,455.57,6.9057,2051.9,2055.7,-3.8,-0.18
2023-05-07,450.32,6.9095,2027.14,2055.7,-28.56,-1.39
2023-05-08,451.01,6.9115,2029.66,2033.2,-3.54,-0.17
2023-05-09,453.01,6.9194,2036.33,2042.9,-6.57,-0.32
2023-05-10,452.91,6.9322,2032.12,2037.1,-4.98,-0.24
2023-05-11,449.94,6.9477,2014.29,2020.5,-6.21,-0.31
2023-05-14,451.91,6.9573,2020.32,2020.5,-0.18,-0.01
2023-05-15,450.64,6.9516,2016.29,2022.7,-6.41,-0.32
2023-05-16,448.79,6.9766,2000.82,1993.0,7.82,0.39
2023-05-17,447.97,6.9971,1991.31,1984.9,6.41,0.32
2023-05-18,446.32,7.0351,1973.26,1959.8,13.46,0.69
2023-05-21,448.22,7.0069,1989.64,1959.8,29.84,1.52
2023-05-22,446.49,7.0309,1975.19,1977.2,-2.01,-0.1
2023-05-23,448.74,7.0564,1977.97,1974.5,3.47,0.18
2023-05-24,446.97,7.0598,1969.22,1964.6,4.62,0.24
2023-05-25,444.53,7.0774,1953.6,1943.7,9.9,0.51
2023-05-28,444.6,7.0548,1960.17,1943.7,16.47,0.85
2023-05-29,443.65,7.0723,1951.14,1943.7,7.44,0.38
2023-05-30,449.55,7.079,1975.22,1958.0,17.22,0.88
2023-05-31,449.82,7.1108,1967.57,1963.9,3.67,0.19
2023-06-01,451.16,7.093,1978.38,1995.5,-17.12,-0.86
2023-06-04,446.09,7.0838,1958.69,1995.5,-36.81,-1.84
2023-06-05,449.03,7.105,1965.71,1974.3,-8.59,-0.43
2023-06-06,449.71,7.1188,1964.87,1981.5,-16.63,-0.84
2023-06-07,447.6,7.1288,1952.91,1958.4,-5.49,-0.28
2023-06-08,451.17,7.1112,1973.36,1978.6,-5.24,-0.26
2023-06-11,451.55,7.1276,1970.48,1978.6,-8.12,-0.41
2023-06-12,452.72,7.1446,1970.88,1969.7,1.18,0.06
2023-06-13,449.98,7.1665,1952.97,1958.6,-5.63,-0.29
2023-06-14,446.1,7.1626,1937.18,1968.9,-31.72,-1.61
2023-06-15,450.01,7.1199,1965.88,1970.7,-4.82,-0.24
2023-06-18,450.45,7.1256,1966.23,1970.7,-4.47,-0.23
2023-06-19,451.13,7.1604,1959.63,1970.7,-11.07,-0.56
2023-06-20,449.33,7.1808,1946.26,1947.7,-1.44,-0.07
2023-06-25,448.65,7.1785,1943.94,1947.7,-3.76,-0.19
2023-06-26,448.49,7.2365,1927.67,1933.8,-6.13,-0.32
2023-06-27,446.68,7.2187,1924.63,1923.8,0.83,0.04
2023-06-28,447.5,7.2434,1921.58,1922.2,-0.62,-0.03
2023-06-29,448.6,7.2518,1924.08,1917.9,6.18,0.32
2023-07-02,449.46,7.2424,1930.27,1917.9,12.37,0.64
2023-07-03,450.08,7.2398,1933.62,1929.5,4.12,0.21
2023-07-04,450.44,7.2135,1942.23,1929.5,12.73,0.66
2023-07-05,450.45,7.2464,1933.45,1927.1,6.35,0.33
2023-07-06,449.56,7.2492,1928.89,1915.4,13.49,0.7
2023-07-09,451.0,7.2113,1945.23,1915.4,29.83,1.56
2023-07-10,450.99,7.2306,1940.0,1931.0,9.0,0.47
2023-07-11,450.91,7.2092,1945.41,1937.1,8.31,0.43
2023-07-12,455.0,7.1653,1975.09,1961.7,13.39,0.68
2023-07-13,452.74,7.15,1969.48,1963.8,5.68,0.29
2023-07-16,454.36,7.1403,1979.21,1963.8,15.41,0.78
2023-07-17,455.77,7.1706,1976.97,1956.4,20.57,1.05
2023-07-18,461.27,7.1793,1998.4,1980.8,17.6,0.89
2023-07-19,460.93,7.2259,1984.05,1980.8,3.25,0.16
2023-07-20,458.25,7.1765,1986.09,1970.9,15.19,0.77
2023-07-23,457.98,7.1779,1984.53,1970.9,13.63,0.69
2023-07-24,455.85,7.1853,1973.27,1962.2,11.07,0.56
2023-07-25,457.59,7.1354,1994.65,1963.7,30.95,1.58
2023-07-26,458.7,7.15,1995.41,1970.1,25.31,1.28
2023-07-27,455.23,7.1731,1973.94,1945.7,28.24,1.45
2023-07-30,455.28,7.1028,1993.69,1945.7,47.99,2.47
2023-07-31,456.69,7.0957,2001.87,1970.5,31.37,1.59
2023-08-01,456.38,7.1765,1977.98,1978.8,-0.82,-0.04
2023-08-02,454.49,7.1904,1965.99,1975.0,-9.01,-0.46
2023-08-03,453.88,7.1628,1970.91,1968.8,2.11,0.11
2023-08-06,455.06,7.1312,1984.79,1968.8,15.99,0.81
2023-08-07,455.21,7.1923,1968.58,1970.0,-1.42,-0.07
2023-08-08,454.8,7.2157,1960.43,1959.9,0.53,0.03
2023-08-09,453.43,7.2086,1956.45,1950.6,5.85,0.3
2023-08-10,455.19,7.2147,1962.38,1948.9,13.48,0.69
2023-08-13,455.89,7.1923,1971.52,1948.9,22.62,1.16
2023-08-14,455.91,7.2573,1953.95,1944.0,9.95,0.51
2023-08-15,457.06,7.2815,1952.37,1935.2,17.17,0.89
2023-08-16,457.14,7.297,1948.56,1928.3,20.26,1.05
2023-08-17,455.82,7.2804,1947.36,1915.2,32.16,1.68
2023-08-20,457.67,7.2807,1955.19,1915.2,39.99,2.09
2023-08-21,457.32,7.198,1976.14,1923.0,53.14,2.76
2023-08-22,458.58,7.2924,1955.93,1926.0,29.93,1.55
2023-08-23,460.04,7.1705,1995.52,1948.1,47.42,2.43
2023-08-24,458.84,7.2765,1961.32,1947.1,14.22,0.73
2023-08-27,459.06,7.289,1958.89,1947.1,11.79,0.61
2023-08-28,460.59,7.2891,1965.39,1946.8,18.59,0.96
2023-08-29,461.99,7.2794,1973.99,1965.1,8.89,0.45
2023-08-30,463.51,7.2836,1979.35,1973.0,6.35,0.32
2023-08-31,463.01,7.2569,1984.49,1965.9,18.59,0.95
2023-09-03,465.28,7.1401,2026.84,1965.9,60.94,3.1
2023-09-04,465.67,7.2719,1991.77,1965.9,25.87,1.32
2023-09-05,464.68,7.3034,1978.96,1952.6,26.36,1.35
2023-09-06,464.49,7.3159,1974.77,1944.2,30.57,1.57
2023-09-07,467.41,7.3278,1983.96,1942.5,41.46,2.13
2023-09-10,467.92,7.2324,2012.32,1942.5,69.82,3.59
2023-09-11,468.62,7.288,1999.96,1947.2,52.76,2.71
2023-09-12,470.0,7.2909,2005.05,1935.1,69.95,3.61
2023-09-13,474.58,7.2688,2030.75,1932.5,98.25,5.08
2023-09-14,470.43,7.2759,2011.02,1932.8,78.22,4.05
2023-09-17,467.83,7.2739,2000.46,1932.8,67.66,3.5
2023-09-18,471.06,7.2906,2009.66,1953.4,56.26,2.88
2023-09-19,473.9,7.2956,2020.39,1953.7,66.69,3.41
2023-09-20,472.87,7.286,2018.65,1967.1,51.55,2.62
2023-09-21,471.71,7.3065,2008.05,1939.6,68.45,3.53
2023-09-24,474.25,7.2975,2021.35,1939.6,81.75,4.21
2023-09-25,474.34,7.3099,2018.31,1936.6,81.71,4.22
2023-09-26,466.49,7.3107,1984.69,1919.8,64.89,3.38
2023-09-27,450.36,7.3081,1916.74,1890.9,25.84,1.37
2023-10-08,454.8,7.3005,1937.66,1890.9,46.76,2.47
2023-10-09,448.86,7.2904,1915.0,1864.3,50.7,2.72
2023-10-10,450.93,7.295,1922.62,1875.3,47.32,2.52
2023-10-11,453.5,7.2987,1932.59,1887.3,45.29,2.4
2023-10-12,455.18,7.3015,1939.01,1883.0,56.01,2.97
2023-10-15,462.53,7.1681,2006.99,1883.0,123.99,6.58
2023-10-16,463.52,7.3093,1972.43,1934.3,38.13,1.97
2023-10-17,466.7,7.3117,1985.31,1935.7,49.61,2.56
2023-10-18,469.78,7.3135,1997.92,1968.3,29.62,1.5
2023-10-19,474.96,7.3112,2020.59,1980.5,40.09,2.02
2023-10-22,473.98,7.3154,2015.26,1980.5,34.76,1.76
2023-10-23,473.13,7.3141,2012.0,1987.8,24.2,1.22
2023-10-24,472.52,7.309,2010.81,1986.1,24.71,1.24
2023-10-25,475.19,7.3157,2020.32,1994.9,25.42,1.27
2023-10-26,475.42,7.3149,2021.52,1997.4,24.12,1.21
2023-10-29,477.88,7.3149,2031.98,1997.4,34.58,1.73
2023-10-30,478.25,7.1587,2077.92,2005.6,72.32,3.61
2023-10-31,476.06,7.3121,2025.02,1994.3,30.72,1.54
2023-11-01,476.83,7.3155,2027.35,1987.5,39.85,2.0
2023-11-02,476.83,7.3159,2027.24,1993.5,33.74,1.69
2023-11-05,474.76,7.3159,2018.44,1993.5,24.94,1.25
2023-11-06,472.83,7.2985,2015.02,1988.6,26.42,1.33
2023-11-07,470.7,7.2686,2014.2,1973.5,40.7,2.06
2023-11-08,467.94,7.2781,1999.77,1957.8,41.97,2.14
2023-11-09,470.55,7.2793,2010.6,1969.8,40.8,2.07
2023-11-12,468.84,7.2793,2003.29,1969.8,33.49,1.7
2023-11-13,470.66,7.1818,2038.37,1950.2,88.17,4.52
2023-11-14,472.23,7.289,2015.09,1966.5,48.59,2.47
2023-11-15,470.82,7.2521,2019.3,1964.3,55.0,2.8
2023-11-16,471.93,7.2458,2025.82,1987.3,38.52,1.94
2023-11-19,467.54,7.2458,2006.97,1987.3,19.67,0.99
2023-11-20,466.46,7.2097,2012.36,1980.3,32.06,1.62
2023-11-21,464.8,7.1675,2017.01,2001.6,15.41,0.77
2023-11-22,464.3,7.0869,2037.75,1992.8,44.95,2.26
2023-11-23,464.82,7.1542,2020.84,1993.3,27.54,1.38
2023-11-26,469.23,7.1542,2040.02,1993.3,46.72,2.34
2023-11-27,471.82,7.0819,2072.22,2012.4,59.82,2.97
2023-11-28,474.38,7.1303,2069.32,2040.0,29.32,1.44
2023-11-29,474.54,7.0638,2089.5,2047.1,42.4,2.07
2023-11-30,474.73,7.0789,2085.88,2038.1,47.78,2.34
2023-12-03,480.89,7.0789,2112.95,2038.1,74.85,3.67
2023-12-04,473.65,7.0618,2086.18,2042.2,43.98,2.15
2023-12-05,472.88,7.1352,2061.36,2036.3,25.06,1.23
2023-12-06,473.57,7.1456,2061.36,2047.9,13.46,0.66
2023-12-07,474.3,7.1446,2064.83,2046.4,18.43,0.9
2023-12-10,471.23,7.1446,2051.46,2046.4,5.06,0.25
2023-12-11,468.86,7.1266,2046.3,1993.7,52.6,2.64
2023-12-12,468.89,7.1742,2032.86,1993.2,39.66,1.99
2023-12-13,475.37,7.176,2060.43,1997.3,63.13,3.16
2023-12-14,474.81,7.1717,2059.24,2044.9,14.34,0.7
2023-12-17,474.35,7.1717,2057.24,2044.9,12.34,0.6
2023-12-18,474.77,7.0705,2088.54,2040.5,48.04,2.35
2023-12-19,476.9,7.132,2079.82,2052.1,27.72,1.35
2023-12-20,476.36,7.0676,2096.39,2047.7,48.69,2.38
2023-12-21,479.1,7.1341,2088.8,2051.3,37.5,1.83
2023-12-24,479.26,7.1341,2089.49,2051.3,38.19,1.86
2023-12-25,481.46,7.0833,2114.14,2051.3,62.84,3.06
2023-12-26,482.03,7.1355,2101.16,2069.8,31.36,1.51
2023-12-27,482.65,7.1424,2101.83,2093.1,8.73,0.42
2023-12-28,480.93,7.1402,2094.98,2083.5,11.48,0.55
2024-01-01,482.37,7.0686,2122.54,2083.5,39.04,1.87
2024-01-02,482.4,7.0686,2122.67,2073.4,49.27,2.38
2024-01-03,480.93,7.0896,2109.93,2042.8,67.13,3.29
2024-01-04,481.33,7.0989,2108.92,2050.0,58.92,2.87
2024-01-07,482.05,7.0989,2112.08,2050.0,62.08,3.03
2024-01-08,479.61,7.0925,2103.28,2033.5,69.78,3.43
2024-01-09,478.9,7.09,2100.91,2033.0,67.91,3.34
2024-01-10,479.06,7.1016,2098.18,2027.8,70.38,3.47
2024-01-11,480.0,7.1704,2082.12,2019.2,62.92,3.12
2024-01-14,482.67,7.1704,2093.71,2019.2,74.51,3.69
2024-01-15,483.27,7.1006,2116.92,2019.2,97.72,4.84
2024-01-16,479.98,7.097,2103.57,2030.2,73.37,3.61
2024-01-17,478.14,7.1165,2089.77,2006.5,83.27,4.15
2024-01-18,480.05,7.1145,2098.7,2021.6,77.1,3.81
2024-01-21,478.83,7.1145,2093.37,2021.6,71.77,3.55
2024-01-22,478.84,7.1071,2095.59,2022.2,73.39,3.63
2024-01-23,478.85,7.1927,2070.7,2025.8,44.9,2.22
2024-01-24,476.42,7.0776,2093.69,2016.0,77.69,3.85
2024-01-25,478.61,7.082,2102.01,2017.8,84.21,4.17
2024-01-28,479.78,7.082,2107.15,2017.8,89.35,4.43
2024-01-29,480.92,7.0866,2110.78,2025.4,85.38,4.22
2024-01-30,481.19,7.0845,2112.6,2031.5,81.1,3.99
2024-01-31,481.87,7.0941,2112.72,2048.4,64.32,3.14
2024-02-01,483.65,7.1007,2118.55,2071.1,47.45,2.29
2024-02-04,480.74,7.1007,2105.8,2071.1,34.7,1.68
2024-02-05,479.56,7.1126,2097.12,2042.9,54.22,2.65
2024-02-06,480.8,7.1085,2103.76,2051.4,52.36,2.55
2024-02-07,482.02,7.1001,2111.59,2051.7,59.89,2.92
2024-02-08,480.24,7.1011,2103.5,2047.9,55.6,2.71
2024-02-18,480.07,7.1011,2102.75,2047.9,54.85,2.68
2024-02-19,479.91,7.1186,2096.88,2047.9,48.98,2.39
2024-02-20,479.78,7.1972,2073.42,2039.8,33.62,1.65
2024-02-21,479.57,7.1897,2074.68,2034.3,40.38,1.98
2024-02-22,478.32,7.1881,2069.73,2030.7,39.03,1.92
2024-02-25,480.91,7.1881,2080.94,2030.7,50.24,2.47
2024-02-26,480.57,7.1944,2077.64,2038.9,38.74,1.9
2024-02-27,480.42,7.1963,2076.45,2044.1,32.35,1.58
2024-02-28,480.99,7.1974,2078.59,2042.7,35.89,1.76
2024-02-29,482.99,7.196,2087.64,2054.7,32.94,1.6
2024-03-03,489.12,7.196,2114.14,2054.7,59.44,2.89
2024-03-04,496.29,7.1958,2145.19,2126.3,18.89,0.89
2024-03-05,499.33,7.1989,2157.4,2141.9,15.5,0.72
2024-03-06,505.09,7.196,2183.16,2158.2,24.96,1.16
2024-03-07,505.12,7.1959,2183.32,2165.2,18.13,0.84
2024-03-10,507.54,7.1959,2193.79,2165.2,28.59,1.32
2024-03-11,505.42,7.1852,2187.87,2188.6,-0.73,-0.03
2024-03-12,504.6,7.1838,2184.75,2166.1,18.65,0.86
2024-03-13,505.41,7.181,2189.11,2180.8,8.31,0.38
2024-03-14,506.75,7.1866,2193.2,2167.5,25.7,1.19
2024-03-17,503.1,7.1866,2177.41,2167.5,9.91,0.46
2024-03-18,503.97,7.195,2178.63,2164.3,14.33,0.66
2024-03-19,504.64,7.1972,2180.86,2159.7,21.16,0.98
2024-03-20,514.3,7.198,2222.36,2161.0,61.36,2.84
2024-03-21,511.4,7.1976,2209.95,2184.7,25.25,1.16
2024-03-24,511.92,7.1976,2212.19,2184.7,27.49,1.26
2024-03-25,512.91,7.2281,2207.12,2176.4,30.72,1.41
2024-03-26,515.3,7.2084,2223.46,2177.2,46.26,2.12
2024-03-27,518.58,7.2177,2234.73,2190.6,44.13,2.01
2024-03-28,529.8,7.2258,2280.53,2217.4,63.13,2.85
2024-03-31,532.97,7.2203,2295.92,2217.4,78.52,3.54
2024-04-01,533.38,7.2297,2294.7,2257.1,37.6,1.67
2024-04-02,540.16,7.2324,2323.0,2281.8,41.2,1.81
2024-04-07,553.7,7.2314,2381.56,2281.8,99.76,4.37
2024-04-08,555.55,7.2297,2390.08,2351.0,39.08,1.66
2024-04-09,557.69,7.2307,2398.95,2362.4,36.55,1.55
2024-04-10,554.01,7.2315,2382.86,2348.4,34.46,1.47
2024-04-11,568.1,7.2359,2441.97,2372.7,69.27,2.92
2024-04-14,560.78,7.2356,2410.61,2372.7,37.91,1.6
2024-04-15,564.66,7.237,2426.82,2383.0,43.82,1.84
2024-04-16,565.63,7.2362,2431.26,2407.8,23.46,0.97
2024-04-17,563.37,7.2374,2421.14,2388.4,32.74,1.37
2024-04-18,565.83,7.2367,2431.95,2398.0,33.95,1.42
2024-04-21,556.11,7.2394,2389.28,2398.0,-8.72,-0.36
2024-04-22,542.93,7.2425,2331.65,2346.4,-14.74,-0.63
2024-04-23,548.15,7.2445,2353.42,2342.1,11.32,0.48
2024-04-24,547.68,7.2442,2351.5,2338.4,13.1,0.56
2024-04-25,551.65,7.2386,2370.38,2342.5,27.88,1.19
2024-04-28,548.52,7.2446,2354.98,2342.5,12.48,0.53
2024-04-29,546.99,7.2377,2350.65,2357.7,-7.05,-0.3
2024-05-05,544.08,7.2362,2338.63,2357.7,-19.07,-0.81
2024-05-06,545.28,7.208,2352.96,2331.2,21.76,0.93
2024-05-07,544.54,7.2184,2346.38,2324.2,22.18,0.95
2024-05-08,543.61,7.2238,2340.62,2322.3,18.32,0.79
2024-05-09,556.44,7.2187,2397.55,2340.3,57.25,2.45
2024-05-12,553.36,7.2258,2381.94,2340.3,41.64,1.78
2024-05-13,551.81,7.2323,2373.13,2343.0,30.13,1.29
2024-05-14,555.46,7.2323,2388.83,2359.9,28.93,1.23
2024-05-15,560.67,7.2177,2416.11,2394.9,21.21,0.89
2024-05-16,561.14,7.217,2418.37,2385.5,32.87,1.38
2024-05-19,574.83,7.2227,2475.42,2385.5,89.92,3.77
2024-05-20,568.2,7.2317,2443.82,2438.5,5.32,0.22
2024-05-21,568.9,7.2376,2444.84,2425.9,18.94,0.78
2024-05-22,556.29,7.2403,2389.76,2392.9,-3.14,-0.13
2024-05-23,550.57,7.2415,2364.79,2337.2,27.59,1.18
2024-05-26,552.51,7.2415,2373.12,2337.2,35.92,1.54
2024-05-27,552.72,7.2415,2374.03,2337.2,36.83,1.58
2024-05-28,555.96,7.245,2386.79,2356.5,30.29,1.29
2024-05-29,551.69,7.2494,2367.02,2341.2,25.82,1.1
2024-05-30,553.45,7.2335,2379.79,2342.9,36.89,1.57
2024-06-02,549.25,7.241,2359.29,2342.9,16.39,0.7
2024-06-03,553.56,7.242,2377.47,2369.3,8.17,0.34
2024-06-04,550.9,7.242,2366.05,2347.4,18.65,0.79
2024-06-05,558.97,7.2467,2399.15,2375.5,23.65,1.0
2024-06-06,559.6,7.2441,2402.71,2390.9,11.81,0.49
2024-06-10,542.78,7.2468,2329.63,2327.0,2.63,0.11
2024-06-11,545.87,7.2467,2342.92,2326.6,16.32,0.7
2024-06-12,545.9,7.2381,2345.83,2354.8,-8.97,-0.38
2024-06-13,546.36,7.2516,2343.44,2318.0,25.44,1.1
2024-06-16,547.08,7.2543,2345.66,2318.0,27.66,1.19
2024-06-17,547.66,7.255,2347.92,2329.0,18.92,0.81
2024-06-18,549.54,7.2527,2356.72,2346.9,9.82,0.42
2024-06-19,553.96,7.2563,2374.5,2346.9,27.6,1.18
2024-06-20,556.92,7.2591,2386.27,2369.0,17.27,0.73
2024-06-23,548.59,7.2592,2350.54,2369.0,-18.46,-0.78
2024-06-24,549.49,7.2577,2354.89,2344.4,10.49,0.45
2024-06-25,546.21,7.2614,2339.64,2330.8,8.84,0.38
2024-06-26,543.06,7.2635,2325.47,2313.2,12.27,0.53
2024-06-27,549.47,7.2672,2351.72,2336.6,15.12,0.65
2024-06-30,549.47,7.2658,2352.17,2336.6,15.57,0.67
2024-07-01,550.41,7.2669,2355.84,2338.9,16.94,0.72
2024-07-02,553.52,7.2694,2368.34,2333.4,34.94,1.5
2024-07-03,556.4,7.2686,2380.92,2369.4,11.52,0.49
2024-07-04,557.81,7.2658,2387.88,2369.4,18.48,0.78
2024-07-07,559.43,7.2678,2394.15,2369.4,24.75,1.04
2024-07-08,556.81,7.2671,2383.17,2363.5,19.67,0.83
2024-07-09,559.46,7.2717,2393.0,2367.9,25.1,1.06
2024-07-10,561.49,7.2745,2400.75,2379.7,21.05,0.88
2024-07-11,564.46,7.2548,2420.01,2421.9,-1.89,-0.08
2024-07-14,564.29,7.2494,2421.08,2421.9,-0.82,-0.03
2024-07-15,570.2,7.2589,2443.24,2428.9,14.34,0.59
2024-07-16,577.33,7.2606,2473.21,2467.8,5.41,0.22
2024-07-17,577.12,7.2594,2472.72,2459.9,12.82,0.52
2024-07-18,562.3,7.2589,2409.38,2456.4,-47.01,-1.91
2024-07-21,562.59,7.269,2407.28,2456.4,-49.12,-2.0
2024-07-22,559.65,7.2727,2393.48,2394.7,-1.22,-0.05
2024-07-23,566.13,7.2743,2420.66,2407.3,13.36,0.55
2024-07-24,552.54,7.2612,2366.81,2415.7,-48.89,-2.02
2024-07-25,554.8,7.2301,2386.72,2353.5,33.22,1.41
2024-07-28,558.68,7.2501,2396.78,2353.5,43.28,1.84
2024-07-29,558.91,7.2583,2395.06,2377.8,17.26,0.73
2024-07-30,564.0,7.2507,2419.4,2405.0,14.4,0.6
2024-07-31,568.49,7.2172,2449.98,2426.5,23.48,0.97
2024-08-01,571.09,7.2428,2452.49,2480.8,-28.31,-1.14
2024-08-04,558.05,7.1572,2425.15,2480.8,-55.65,-2.24
2024-08-05,553.24,7.1202,2416.74,2444.4,-27.66,-1.13
2024-08-06,554.77,7.1563,2411.2,2431.6,-20.4,-0.84
2024-08-07,554.81,7.1803,2403.31,2432.4,-29.09,-1.2
2024-08-08,559.5,7.1737,2425.86,2463.3,-37.44,-1.52
2024-08-11,563.74,7.1663,2446.77,2463.3,-16.53,-0.67
2024-08-12,568.1,7.174,2463.05,2504.0,-40.95,-1.64
2024-08-13,566.6,7.1529,2463.79,2507.8,-44.01,-1.76
2024-08-14,565.69,7.1373,2465.21,2479.7,-14.49,-0.58
2024-08-15,566.41,7.1734,2455.92,2492.4,-36.48,-1.46
2024-08-18,572.14,7.164,2484.02,2492.4,-8.38,-0.34
2024-08-19,572.7,7.1405,2494.64,2541.3,-46.66,-1.84
2024-08-20,574.63,7.132,2506.03,2550.6,-44.57,-1.75
2024-08-21,573.01,7.1318,2499.03,2547.5,-48.47,-1.9
2024-08-22,571.3,7.1444,2487.18,2516.7,-29.52,-1.17
2024-08-25,574.45,7.124,2508.06,2516.7,-8.64,-0.34
2024-08-26,574.6,7.1181,2510.79,2555.2,-44.41,-1.74
2024-08-27,573.78,7.1231,2505.45,2552.9,-47.45,-1.86
2024-08-28,574.16,7.1243,2506.68,2537.8,-31.12,-1.23
2024-08-29,573.63,7.0955,2514.54,2560.3,-45.76,-1.79
2024-09-01,569.91,7.0921,2499.43,2560.3,-60.87,-2.38
2024-09-02,570.96,7.1166,2495.41,2560.3,-64.89,-2.53
2024-09-03,567.4,7.1204,2478.53,2523.0,-44.47,-1.76
2024-09-04,570.83,7.1119,2496.49,2526.0,-29.51,-1.17
2024-09-05,572.5,7.0913,2511.07,2543.1,-32.03,-1.26
2024-09-08,568.62,7.0879,2495.25,2543.1,-47.85,-1.88
2024-09-09,572.44,7.1136,2502.93,2532.7,-29.77,-1.18
2024-09-10,575.24,7.1208,2512.63,2543.1,-30.47,-1.2
2024-09-11,574.43,7.1197,2509.48,2542.4,-32.92,-1.29
2024-09-12,583.19,7.1166,2548.86,2580.6,-31.74,-1.23
2024-09-17,582.63,7.0925,2555.07,2592.4,-37.33,-1.44
2024-09-18,581.62,7.081,2554.78,2598.6,-43.82,-1.69
2024-09-19,587.29,7.067,2584.8,2614.6,-29.8,-1.14
2024-09-22,592.56,7.0509,2613.95,2614.6,-0.65,-0.02
2024-09-23,592.12,7.0513,2611.86,2652.5,-40.64,-1.53
2024-09-24,596.26,7.0302,2638.01,2677.0,-38.99,-1.46
2024-09-25,597.46,7.0323,2642.53,2684.7,-42.17,-1.57
2024-09-26,597.53,7.009,2651.63,2694.9,-43.27,-1.61
2024-09-29,594.57,7.0103,2638.0,2694.9,-56.9,-2.11
2024-10-07,593.87,7.0191,2631.59,2666.0,-34.41,-1.29
2024-10-08,586.76,7.0578,2585.83,2635.4,-49.57,-1.88
2024-10-09,588.93,7.0801,2587.22,2626.0,-38.78,-1.48
2024-10-10,595.48,7.0801,2615.99,2639.3,-23.31,-0.88
2024-10-13,601.39,7.0652,2647.53,2639.3,8.23,0.31
2024-10-14,601.67,7.0872,2640.54,2665.6,-25.06,-0.94
2024-10-15,610.06,7.1178,2665.85,2678.9,-13.05,-0.49
2024-10-16,612.74,7.1184,2677.34,2691.3,-13.96,-0.52
2024-10-17,617.18,7.123,2694.99,2707.5,-12.51,-0.46
2024-10-20,624.21,7.1008,2734.21,2707.5,26.71,0.99
2024-10-21,624.79,7.118,2730.14,2738.9,-8.76,-0.32
2024-10-22,628.21,7.1217,2743.66,2759.8,-16.14,-0.58
2024-10-23,622.96,7.1253,2719.36,2729.4,-10.04,-0.37
2024-10-24,622.77,7.1187,2721.05,2748.9,-27.85,-1.01
2024-10-27,625.28,7.1187,2732.01,2748.9,-16.89,-0.61
2024-10-28,629.96,7.1201,2751.92,2755.9,-3.98,-0.14
2024-10-29,636.83,7.1275,2779.04,2781.1,-2.06,-0.07
2024-10-30,634.27,7.1301,2766.86,2800.8,-33.94,-1.21
2024-10-31,628.2,7.1148,2746.28,2749.3,-3.02,-0.11
2024-11-03,623.68,7.1148,2726.52,2749.3,-22.78,-0.83
2024-11-04,623.47,7.1217,2722.96,2746.2,-23.24,-0.85
2024-11-05,623.24,7.0978,2731.12,2749.7,-18.58,-0.68
2024-11-06,609.72,7.1022,2670.22,2676.3,-6.08,-0.23
2024-11-07,613.73,7.1769,2659.8,2705.8,-46.0,-1.7
2024-11-10,614.06,7.1769,2661.23,2705.8,-44.57,-1.65
2024-11-11,604.04,7.1782,2617.33,2617.7,-0.37,-0.01
2024-11-12,602.87,7.2111,2600.35,2606.3,-5.95,-0.23
2024-11-13,591.42,7.2316,2543.73,2586.5,-42.77,-1.65
2024-11-14,591.93,7.2235,2548.78,2572.9,-24.12,-0.94
2024-11-17,598.79,7.2235,2578.31,2572.9,5.41,0.21
2024-11-18,608.12,7.231,2615.77,2614.6,1.17,0.04
2024-11-19,609.35,7.2354,2619.47,2631.0,-11.53,-0.44
2024-11-20,616.16,7.2381,2647.76,2651.7,-3.94,-0.15
2024-11-21,623.75,7.244,2678.19,2674.9,3.29,0.12
2024-11-24,616.26,7.244,2646.03,2674.9,-28.87,-1.08
2024-11-25,608.21,7.242,2612.19,2618.5,-6.31,-0.24
2024-11-26,614.31,7.2395,2639.3,2621.3,18.0,0.69
2024-11-27,610.69,7.252,2619.22,2639.9,-20.68,-0.78
2024-11-28,615.69,7.2462,2642.78,2639.9,2.88,0.11
2024-12-01,611.57,7.2462,2625.09,2639.9,-14.81,-0.56
2024-12-02,617.04,7.2407,2650.58,2658.5,-7.92,-0.3
2024-12-03,616.15,7.2709,2635.77,2667.9,-32.13,-1.2
2024-12-04,616.35,7.2838,2631.95,2676.2,-44.25,-1.65
2024-12-05,614.01,7.263,2629.47,2648.4,-18.93,-0.71
2024-12-08,617.15,7.263,2642.92,2648.4,-5.48,-0.21
2024-12-09,619.41,7.2693,2650.3,2685.8,-35.5,-1.32
2024-12-10,624.79,7.2595,2676.93,2718.4,-41.47,-1.53
2024-12-11,629.04,7.2487,2699.15,2756.7,-57.55,-2.09
2024-12-12,623.77,7.2611,2671.97,2709.4,-37.43,-1.38
2024-12-15,617.67,7.2611,2645.84,2709.4,-63.56,-2.35
2024-12-16,617.3,7.2751,2639.16,2670.0,-30.84,-1.15
2024-12-17,616.7,7.2824,2633.95,2662.0,-28.05,-1.05
2024-12-18,611.85,7.2846,2612.45,2653.3,-40.85,-1.54
2024-12-19,612.32,7.2854,2614.17,2608.1,6.07,0.23
2024-12-22,618.26,7.2854,2639.53,2608.1,31.43,1.21
2024-12-23,616.12,7.2954,2626.79,2628.2,-1.41,-0.05
2024-12-24,617.08,7.297,2630.3,2635.5,-5.2,-0.2
2024-12-25,617.96,7.2946,2634.92,2635.5,-0.58,-0.02
2024-12-26,618.43,7.2972,2635.99,2653.9,-17.91,-0.67
2024-12-29,616.32,7.2972,2626.99,2653.9,-26.91,-1.01
2024-12-30,616.26,7.2978,2626.52,2618.1,8.42,0.32
2025-01-01,621.68,7.2981,2649.51,2618.1,31.41,1.2
2025-01-02,626.77,7.2981,2671.21,2669.0,2.21,0.08
2025-01-05,624.1,7.2981,2659.83,2669.0,-9.17,-0.34
2025-01-06,624.76,7.3196,2654.82,2647.4,7.42,0.28
2025-01-07,627.13,7.3223,2663.91,2665.4,-1.49,-0.06
2025-01-08,630.36,7.3264,2676.13,2672.4,3.73,0.14
2025-01-09,634.72,7.3315,2692.76,2690.8,1.96,0.07
2025-01-12,636.66,7.3315,2700.99,2690.8,10.19,0.38
2025-01-13,632.29,7.3317,2682.38,2678.6,3.78,0.14
2025-01-14,634.74,7.3298,2693.47,2682.3,11.17,0.42
2025-01-15,636.95,7.3309,2702.45,2717.8,-15.35,-0.56
2025-01-16,638.72,7.3301,2710.25,2750.9,-40.65,-1.48
2025-01-19,637.91,7.3301,2706.81,2750.9,-44.09,-1.6
2025-01-20,637.85,7.324,2708.81,2750.9,-42.09,-1.53
2025-01-21,643.32,7.3133,2736.04,2759.2,-23.16,-0.84
2025-01-22,643.9,7.2712,2754.36,2770.9,-16.54,-0.6
2025-01-23,646.59,7.2712,2765.87,2765.0,0.87,0.03
2025-01-26,644.29,7.2712,2756.03,2765.0,-8.97,-0.32
2025-02-04,668.01,7.195,2887.76,2875.8,11.96,0.42
2025-02-05,667.52,7.1819,2890.91,2893.0,-2.09,-0.07
2025-02-06,668.03,7.2705,2857.86,2876.7,-18.84,-0.65
2025-02-09,677.64,7.2705,2898.97,2876.7,22.27,0.77
2025-02-10,684.64,7.2868,2922.36,2934.4,-12.04,-0.41
2025-02-11,680.44,7.3045,2897.4,2932.6,-35.2,-1.2
2025-02-12,683.34,7.3072,2908.67,2928.7,-20.03,-0.68
2025-02-13,686.99,7.3088,2923.57,2945.4,-21.83,-0.74
2025-02-16,676.02,7.3088,2876.88,2945.4,-68.52,-2.33
2025-02-17,682.21,7.253,2925.56,2945.4,-19.84,-0.67
2025-02-18,686.61,7.253,2944.43,2949.0,-4.57,-0.15
2025-02-19,688.76,7.2786,2943.26,2936.1,7.16,0.24
2025-02-20,683.66,7.2833,2919.58,2956.1,-36.52,-1.24
2025-02-23,685.46,7.2833,2927.27,2956.1,-28.83,-0.98
2025-02-24,684.99,7.25,2938.7,2963.2,-24.5,-0.83
2025-02-25,679.22,7.2476,2914.91,2918.8,-3.89,-0.13
2025-02-26,676.54,7.2476,2903.41,2930.6,-27.19,-0.93
2025-02-27,671.8,7.258,2878.94,2895.9,-16.96,-0.59
2025-03-02,672.23,7.258,2880.78,2895.9,-15.12,-0.52
2025-03-03,676.35,7.2828,2888.56,2901.1,-12.54,-0.43
2025-03-04,681.66,7.2843,2910.64,2920.6,-9.96,-0.34
2025-03-05,680.5,7.2651,2913.37,2926.0,-12.63,-0.43
2025-03-06,679.43,7.2506,2914.61,2926.6,-12.0,-0.41
2025-03-09,681.17,7.2506,2922.07,2926.6,-4.53,-0.15
2025-03-10,677.38,7.234,2912.48,2899.4,13.08,0.45
2025-03-11,679.54,7.2591,2911.66,2920.9,-9.24,-0.32
2025-03-12,684.56,7.2591,2933.17,2946.8,-13.63,-0.46
2025-03-13,694.6,7.2371,2985.24,2991.3,-6.06,-0.2
2025-03-16,695.68,7.2371,2989.88,2991.3,-1.42,-0.05
2025-03-17,700.24,7.2371,3009.48,3006.1,3.38,0.11
2025-03-18,707.67,7.2327,3043.26,3040.8,2.46,0.08
2025-03-19,709.12,7.2273,3051.78,3041.2,10.58,0.35
2025-03-20,705.83,7.23,3036.48,3043.8,-7.32,-0.24
2025-03-23,706.01,7.23,3037.26,3043.8,-6.54,-0.21
2025-03-24,705.12,7.2485,3025.69,3015.6,10.09,0.33
2025-03-25,707.36,7.253,3033.41,3025.9,7.51,0.25
2025-03-26,708.8,7.2569,3037.96,3022.5,15.46,0.51
2025-03-27,721.16,7.2569,3090.93,3061.0,29.93,0.98
2025-03-30,728.34,7.2628,3119.17,3061.0,58.17,1.9
2025-03-31,735.51,7.2567,3152.52,3122.8,29.72,0.95
2025-04-01,732.66,7.2697,3134.69,3146.0,-11.31,-0.36
2025-04-02,737.95,7.2675,3158.28,3166.2,-7.92,-0.25
2025-04-06,716.19,7.2813,3059.34,3166.2,-106.86,-3.37
2025-04-07,718.34,7.3081,3057.27,2973.6,83.67,2.81
2025-04-08,726.26,7.3388,3078.05,2990.2,87.85,2.94
2025-04-09,742.95,7.35,3143.99,3079.4,64.59,2.1
2025-04-10,756.94,7.314,3218.96,3177.5,41.46,1.3
2025-04-13,762.48,7.2916,3252.48,3177.5,74.98,2.36
2025-04-14,762.75,7.3119,3244.6,3226.3,18.3,0.57
2025-04-15,779.86,7.3119,3317.38,3240.4,76.98,2.38
2025-04-16,788.32,7.3119,3353.37,3346.4,6.97,0.21
2025-04-17,790.46,7.3119,3362.47,3328.4,34.07,1.02
2025-04-20,803.84,7.3119,3419.39,3328.4,90.99,2.73
2025-04-21,830.03,7.299,3537.04,3425.3,111.74,3.26
2025-04-22,786.16,7.3118,3344.23,3419.4,-75.17,-2.2
2025-04-23,793.13,7.286,3385.82,3294.1,91.72,2.78
2025-04-24,785.9,7.286,3354.96,3348.6,6.36,0.19
2025-04-27,778.7,7.2864,3324.04,3348.6,-24.56,-0.73
2025-04-28,782.74,7.294,3337.8,3347.7,-9.9,-0.3
2025-04-29,778.89,7.269,3332.81,3333.6,-0.79,-0.02
2025-05-05,792.86,7.27,3392.12,3322.3,69.82,2.1
2025-05-06,799.1,7.2163,3444.26,3422.8,21.46,0.63
2025-05-07,786.98,7.2252,3387.84,3391.9,-4.06,-0.12
2025-05-08,785.54,7.2252,3381.64,3306.0,75.64,2.29
2025-05-11,766.27,7.2363,3293.63,3306.0,-12.37,-0.37
2025-05-12,763.87,7.2018,3299.04,3228.0,71.04,2.2
2025-05-13,758.55,7.2057,3274.29,3247.8,26.49,0.82
2025-05-14,736.17,7.2057,3177.69,3188.3,-10.61,-0.33
2025-05-15,748.62,7.2065,3231.07,3226.6,4.47,0.14
2025-05-18,752.66,7.209,3247.38,3226.6,20.78,0.64
2025-05-19,751.54,7.209,3242.54,3233.5,9.04,0.28
2025-05-20,775.17,7.2194,3339.68,3284.6,55.08,1.68
2025-05-21,776.85,7.2019,3355.05,3313.5,41.55,1.25
2025-05-22,776.65,7.2037,3353.35,3295.0,58.35,1.77
2025-05-25,774.33,7.2037,3343.33,3295.0,48.33,1.47
2025-05-26,768.07,7.2037,3316.3,3365.8,-49.5,-1.47
2025-05-27,768.61,7.2037,3318.63,3300.4,18.23,0.55
2025-05-28,761.27,7.2037,3286.94,3294.9,-7.96,-0.24
2025-05-29,768.02,7.2037,3316.09,3317.1,-1.01,-0.03
2025-06-02,779.5,7.2037,3365.65,3397.2,-31.55,-0.93
2025-06-03,779.61,7.2037,3366.13,3377.1,-10.97,-0.32
2025-06-04,780.37,7.2037,3369.41,3399.2,-29.79,-0.88
2025-06-05,779.91,7.175,3380.89,3375.1,5.79,0.17
2025-06-08,771.29,7.1886,3337.2,3375.1,-37.9,-1.12
2025-06-09,772.7,7.1802,3347.21,3354.9,-7.69,-0.23
2025-06-10,774.74,7.1802,3356.05,3343.4,12.65,0.38
2025-06-11,781.68,7.1928,3380.18,3343.7,36.48,1.09
2025-06-12,790.75,7.1928,3419.4,3402.4,17.0,0.5
2025-06-15,788.88,7.181,3416.92,3402.4,14.52,0.43
2025-06-16,781.72,7.179,3386.85,3417.3,-30.45,-0.89
2025-06-17,782.37,7.1845,3387.07,3406.9,-19.83,-0.58
2025-06-18,778.63,7.1888,3368.87,3408.1,-39.23,-1.15
2025-06-19,775.46,7.188,3355.52,3408.1,-52.58,-1.54
2025-06-22,778.15,7.188,3367.16,3408.1,-40.94,-1.2
2025-06-23,769.24,7.179,3332.78,3395.0,-62.22,-1.83
2025-06-24,771.26,7.1713,3345.12,3333.9,11.22,0.34
2025-06-25,772.07,7.1764,3346.25,3343.1,3.15,0.09
2025-06-26,763.68,7.1675,3314.0,3348.0,-34.0,-1.02
2025-06-29,762.95,7.1721,3308.71,3348.0,-39.29,-1.17
2025-06-30,771.22,7.1636,3348.54,3307.7,40.84,1.23
2025-07-01,771.38,7.1645,3348.82,3349.8,-0.98,-0.03
2025-07-02,776.94,7.1649,3372.77,3359.7,13.07,0.39
2025-07-03,772.79,7.1649,3354.75,3342.9,11.85,0.35
2025-07-06,767.19,7.1649,3330.44,3342.9,-12.46,-0.37
2025-07-07,772.23,7.1744,3347.88,3342.8,5.08,0.15
2025-07-08,763.11,7.1738,3308.62,3316.9,-8.28,-0.25
2025-07-09,769.27,7.18,3332.45,3321.0,11.45,0.34
2025-07-10,769.97,7.1748,3337.9,3325.7,12.2,0.37
2025-07-13,776.79,7.1681,3370.61,3325.7,44.91,1.35
2025-07-14,775.99,7.167,3367.66,3359.1,8.56,0.25
2025-07-15,772.47,7.1729,3349.62,3336.7,12.92,0.39
2025-07-16,772.0,7.1785,3344.97,3359.1,-14.13,-0.42
2025-07-17,772.72,7.1832,3345.9,3345.3,0.6,0.02
2025-07-20,777.6,7.1777,3369.61,3345.3,24.31,0.73
2025-07-21,780.79,7.1755,3384.47,3406.4,-21.93,-0.64
2025-07-22,788.42,7.1743,3418.12,3443.7,-25.58,-0.74
2025-07-23,774.8,7.1595,3366.01,3397.6,-31.59,-0.93
2025-07-24,773.26,7.1535,3362.14,3373.5,-11.36,-0.34
2025-07-27,771.23,7.1535,3353.31,3373.5,-20.19,-0.6
2025-07-28,767.85,7.1778,3327.32,3310.0,17.32,0.52
2025-07-29,769.74,7.1764,3336.16,3324.0,12.16,0.37
2025-07-30,766.68,7.1764,3322.89,3295.8,27.09,0.82
2025-07-31,767.07,7.2002,3313.59,3293.2,20.39,0.62
2025-08-03,777.29,7.2116,3352.44,3293.2,59.24,1.8
2025-08-04,778.88,7.178,3375.02,3426.4,-51.38,-1.5
2025-08-05,780.05,7.1834,3377.55,3434.7,-57.15,-1.66
2025-08-06,781.41,7.1828,3383.72,3433.4,-49.68,-1.45
2025-08-07,784.05,7.181,3396.0,3453.7,-57.7,-1.67
2025-08-10,776.2,7.181,3362.0,3453.7,-91.7,-2.66
2025-08-11,772.76,7.1877,3343.98,3404.7,-60.72,-1.78
2025-08-12,774.2,7.1785,3354.5,3399.0,-44.5,-1.31
2025-08-13,775.51,7.1743,3362.15,3408.3,-46.15,-1.35
2025-08-14,772.66,7.1795,3347.37,3383.2,-35.83,-1.06
2025-08-17,774.31,7.1817,3353.49,3383.2,-29.71,-0.88
2025-08-18,771.9,7.1846,3341.7,3378.0,-36.3,-1.07
2025-08-19,769.54,7.1819,3332.73,3358.7,-25.96,-0.77
2025-08-20,771.83,7.1757,3345.54,3388.5,-42.96,-1.27
2025-08-21,770.55,7.1799,3338.04,3381.6,-43.56,-1.29
2025-08-24,775.89,7.1675,3366.99,3381.6,-14.61,-0.43
2025-08-25,777.89,7.151,3383.45,3417.5,-34.05,-1.0
2025-08-26,778.31,7.152,3384.81,3433.0,-48.19,-1.4
2025-08-27,780.38,7.153,3393.34,3448.6,-55.26,-1.6
2025-08-28,782.17,7.153,3401.12,3474.3,-73.18,-2.11
2025-08-31,795.01,7.1304,3467.91,3474.3,-6.39,-0.18
2025-09-01,799.95,7.1304,3489.46,3474.3,15.16,0.44
2025-09-02,810.72,7.139,3532.18,3592.2,-60.02,-1.67
2025-09-03,808.93,7.1414,3523.19,3635.5,-112.31,-3.09
2025-09-04,811.94,7.1414,3536.3,3606.7,-70.4,-1.95
2025-09-07,819.45,7.1325,3573.47,3606.7,-33.23,-0.92
2025-09-08,831.08,7.1293,3625.81,3677.4,-51.59,-1.4
2025-09-09,829.88,7.1209,3624.84,3682.2,-57.36,-1.56
2025-09-10,827.78,7.1207,3615.77,3682.0,-66.23,-1.8
2025-09-11,830.98,7.1184,3630.92,3673.6,-42.68,-1.16
2025-09-14,828.53,7.1242,3617.27,3673.6,-56.33,-1.53
2025-09-15,838.42,7.1185,3663.38,3719.0,-55.62,-1.5
2025-09-16,832.53,7.1142,3639.84,3725.1,-85.26,-2.29
2025-09-17,822.49,7.1033,3601.47,3717.8,-116.33,-3.13
2025-09-18,825.63,7.1129,3610.34,3678.3,-67.96,-1.85
2025-09-21,840.77,7.1129,3676.54,3678.3,-1.76,-0.05
2025-09-22,850.09,7.114,3716.72,3775.1,-58.38,-1.55
2025-09-23,855.42,7.1116,3741.29,3815.7,-74.41,-1.95
2025-09-24,850.68,7.1315,3710.17,3768.1,-57.93,-1.54
2025-09-25,852.4,7.1338,3716.48,3771.1,-54.62,-1.45
2025-09-28,862.34,7.1328,3760.34,3771.1,-10.76,-0.29
2025-09-29,872.38,7.1194,3811.28,3855.2,-43.92,-1.14
2025-10-08,911.33,7.1185,3981.95,4070.5,-88.55,-2.18
2025-10-09,898.59,7.1275,3921.33,3972.6,-51.27,-1.29
2025-10-12,924.55,7.1,4050.24,3972.6,77.64,1.95
2025-10-13,936.14,7.1,4101.02,4133.0,-31.98,-0.77
2025-10-14,957.71,7.1384,4172.94,4163.4,9.54,0.23
2025-10-15,967.46,7.1262,4222.64,4201.6,21.04,0.5
2025-10-16,998.8,7.123,4361.39,4304.6,56.79,1.32
2025-10-19,972.39,7.1264,4244.04,4304.6,-60.56,-1.41
2025-10-20,991.8,7.1195,4332.95,4359.4,-26.45,-0.61
2025-10-21,951.41,7.1218,4155.15,4109.1,46.05,1.12
2025-10-22,941.53,7.1257,4109.75,4065.4,44.35,1.09
2025-10-23,936.94,7.1257,4089.72,4145.6,-55.88,-1.35
2025-10-26,932.58,7.1257,4070.69,4145.6,-74.92,-1.81
2025-10-27,899.11,7.1211,3927.12,4019.7,-92.58,-2.3
2025-10-28,908.34,7.1102,3973.52,3983.1,-9.58,-0.24
2025-10-29,908.96,7.0988,3982.62,4000.7,-18.08,-0.45
2025-10-30,920.45,7.099,4032.85,4015.9,16.95,0.42
2025-11-02,919.45,7.099,4028.47,4015.9,12.57,0.31
2025-11-03,913.54,7.1169,3992.51,4014.0,-21.49,-0.54
2025-11-04,910.37,7.1718,3948.2,3960.5,-12.3,-0.31
2025-11-05,916.45,7.1295,3998.15,3992.9,5.25,0.13
2025-11-06,919.3,7.126,4012.55,3991.0,21.55,0.54
2025-11-09,933.87,7.126,4076.14,3991.0,85.14,2.13
2025-11-10,946.77,7.1186,4136.75,4122.0,14.75,0.36
2025-11-11,943.52,7.1193,4122.14,4116.3,5.84,0.14
2025-11-12,958.72,7.1193,4188.55,4213.6,-25.05,-0.59
2025-11-13,951.06,7.1193,4155.08,4194.5,-39.42,-0.94
2025-11-16,928.44,7.1193,4056.26,4194.5,-138.24,-3.3
2025-11-17,917.54,7.0992,4019.99,4074.5,-54.51,-1.34
2025-11-18,936.04,7.1075,4096.25,4066.5,29.75,0.73
2025-11-19,930.85,7.1075,4073.54,4082.8,-9.26,-0.23
2025-11-20,922.7,7.1075,4037.87,4060.0,-22.13,-0.55
2025-11-23,926.34,7.1075,4053.8,4060.0,-6.2,-0.15
2025-11-24,942.4,7.1066,4124.6,4094.2,30.4,0.74
2025-11-25,942.19,7.1022,4126.24,4140.0,-13.76,-0.33
2025-11-26,942.44,7.0845,4137.65,4165.2,-27.55,-0.66
2025-11-27,948.34,7.0758,4168.67,4165.2,3.47,0.08
2025-11-30,958.0,7.0758,4211.13,4165.2,45.93,1.1
2025-12-01,953.74,7.0751,4192.82,4274.8,-81.98,-1.92
2025-12-02,951.51,7.0717,4185.03,4220.8,-35.77,-0.85
2025-12-03,948.63,7.07,4173.36,4232.5,-59.14,-1.4
2025-12-04,955.9,7.0636,4209.16,4243.0,-33.84,-0.8
2025-12-07,953.33,7.0636,4197.84,4243.0,-45.16,-1.06
2025-12-08,946.96,7.0696,4166.25,4217.7,-51.45,-1.22
2025-12-09,951.34,7.071,4184.7,4236.2,-51.5,-1.22
2025-12-10,952.81,7.0633,4195.73,4224.7,-28.97,-0.69
2025-12-11,965.28,7.064,4250.22,4313.0,-62.78,-1.46
2025-12-14,978.02,7.064,4306.32,4313.0,-6.68,-0.15
2025-12-15,966.73,7.054,4262.64,4335.2,-72.56,-1.67
2025-12-16,974.09,7.047,4299.36,4332.3,-32.94,-0.76
2025-12-17,974.99,7.0417,4306.57,4373.9,-67.33,-1.54
2025-12-18,974.76,7.043,4304.76,4364.5,-59.74,-1.37
2025-12-21,993.82,7.043,4388.93,4364.5,24.43,0.56
2025-12-22,1007.57,7.0409,4450.98,4469.4,-18.42,-0.41
2025-12-23,1008.94,7.0409,4457.04,4505.7,-48.66,-1.08
2025-12-24,1002.83,7.028,4438.18,4502.8,-64.62,-1.44
2025-12-25,1009.96,7.028,4469.73,4502.8,-33.07,-0.73
2025-12-28,1001.63,7.028,4432.87,4502.8,-69.93,-1.55
2025-12-29,980.74,7.028,4340.41,4343.6,-3.19,-0.07
2025-12-30,973.33,7.0056,4321.39,4386.3,-64.91,-1.48
2026-01-04,992.86,7.0056,4408.1,4386.3,21.8,0.5
2026-01-05,1002.84,6.9931,4460.37,4451.5,8.87,0.2
2026-01-06,997.08,6.988,4437.99,4496.1,-58.11,-1.29
2026-01-07,995.88,6.9834,4435.57,4462.5,-26.93,-0.6
2026-01-08,1003.71,6.9965,4462.07,4460.7,1.37,0.03
2026-01-11,1023.27,6.9965,4549.03,4460.7,88.32,1.98
2026-01-12,1024.88,6.9772,4568.79,4614.7,-45.91,-0.99
2026-01-13,1037.55,6.9731,4627.99,4599.1,28.89,0.63
2026-01-14,1032.73,6.9775,4603.58,4635.7,-32.12,-0.69
2026-01-15,1032.44,6.973,4605.26,4623.7,-18.44,-0.4
2026-01-18,1046.77,6.973,4669.18,4623.7,45.48,0.98
2026-01-19,1055.0,6.9681,4709.2,4623.7,85.5,1.85
2026-01-20,1088.51,6.9681,4858.78,4765.8,92.98,1.95
2026-01-21,1082.97,6.9599,4839.74,4837.5,2.24,0.05
2026-01-22,1110.56,6.9637,4960.33,4913.4,46.93,0.96
2026-01-25,1142.06,6.9637,5101.03,4913.4,187.63,3.82
2026-01-26,1143.87,6.9726,5102.59,5082.5,20.09,0.4
2026-01-27,1181.32,6.9542,5283.59,5082.6,200.99,3.95
2026-01-28,1248.22,6.9545,5582.57,5303.6,278.97,5.26
2026-01-29,1160.68,6.9545,5191.05,5318.4,-127.35,-2.39
2026-02-01,1011.14,6.9545,4522.25,5318.4,-796.15,-14.97
2026-02-02,1089.93,6.951,4877.08,4652.6,224.48,4.82
2026-02-03,1137.94,6.9463,5095.36,4935.0,160.36,3.25
2026-02-04,1102.14,6.9377,4941.17,4950.8,-9.63,-0.19
2026-02-05,1085.72,6.9377,4867.56,4889.5,-21.94,-0.45
2026-02-08,1124.04,6.9377,5039.36,4889.5,149.86,3.06
2026-02-09,1118.1,6.9388,5011.93,5079.4,-67.47,-1.33
2026-02-10,1125.69,6.922,5058.2,5031.0,27.2,0.54
2026-02-11,1123.27,6.9106,5055.65,5098.5,-42.85,-0.84
2026-02-12,1104.67,6.9125,4970.57,4948.4,22.17,0.45
2026-02-23,1146.73,6.908,5163.19,5225.6,-62.41,-1.19
2026-02-24,1147.47,6.908,5166.52,5176.3,-9.78,-0.19
2026-02-25,1143.36,6.8831,5166.64,5226.2,-59.56,-1.14
2026-02-26,1145.03,6.8692,5184.65,5194.2,-9.55,-0.18
2026-03-01,1194.07,6.8692,5406.7,5194.2,212.5,4.09
2026-03-02,1180.89,6.8579,5355.84,5311.6,44.24,0.83
2026-03-03,1151.26,6.882,5203.17,5123.7,79.47,1.55
2026-03-04,1148.76,6.8997,5178.55,5134.7,43.85,0.85
2026-03-05,1139.95,6.897,5140.85,5078.7,62.14,1.22
2026-03-08,1137.97,6.897,5131.92,5078.7,53.22,1.05
2026-03-09,1147.94,6.8965,5177.25,5103.7,73.55,1.44
2026-03-10,1149.92,6.911,5175.3,5242.1,-66.8,-1.27
2026-03-11,1146.31,6.8765,5184.94,5179.1,5.84,0.11
2026-03-12,1131.73,6.8655,5127.19,5125.8,1.39,0.03
2026-03-15,1117.17,6.8655,5061.23,5125.8,-64.57,-1.26
2026-03-16,1114.86,6.8961,5028.35,5002.2,26.15,0.52
2026-03-17,1112.41,6.9555,4974.45,5008.2,-33.75,-0.67
2026-03-18,1061.35,6.8863,4793.82,4896.2,-102.38,-2.09
2026-03-19,1038.52,6.8726,4700.05,4605.7,94.35,2.05
2026-03-22,938.58,6.8726,4247.75,4605.7,-357.95,-7.77
2026-03-23,977.02,6.8857,4413.31,4407.3,6.01,0.14
2026-03-24,1014.14,6.88,4584.78,4402.0,182.78,4.15
2026-03-25,992.09,6.8918,4477.41,4552.3,-74.88,-1.64
2026-03-26,995.34,6.901,4486.09,4376.3,109.79,2.51
2026-03-29,1011.43,6.9116,4551.62,4376.3,175.32,4.01
2026-03-30,1016.94,6.9116,4576.42,4526.0,50.42,1.11
2026-03-31,1048.62,6.8942,4730.89,4647.6,83.29,1.79
2026-04-01,1021.3,6.8705,4623.53,4813.1,-189.57,-3.94
2026-04-02,1032.04,6.8851,4662.25,4679.7,-17.45,-0.37
2026-04-06,1031.14,6.8823,4660.08,4684.7,-24.62,-0.53
2026-04-07,1058.84,6.8567,4803.13,4684.7,118.43,2.53
2026-04-08,1038.52,6.8287,4730.27,4777.2,-46.93,-0.98
2026-04-09,1045.68,6.8314,4761.0,4818.0,-57.0,-1.18
2026-04-12,1041.58,6.8278,4744.83,4818.0,-73.17,-1.52
2026-04-13,1050.49,6.8303,4783.67,4767.4,16.27,0.34
2026-04-14,1055.39,6.8157,4816.28,4850.1,-33.82,-0.7
2026-04-15,1058.62,6.818,4829.39,4823.6,5.79,0.12
2026-04-16,1051.22,6.8211,4793.45,4808.3,-14.85,-0.31
2026-04-19,1052.36,6.817,4801.53,4808.3,-6.77,-0.14
2026-04-20,1049.29,6.8174,4787.25,4828.8,-41.55,-0.86
2026-04-21,1048.93,6.8208,4783.22,4719.6,63.62,1.35
2026-04-22,1038.58,6.8242,4733.66,4753.0,-19.34,-0.41
2026-04-23,1030.62,6.826,4696.14,4724.0,-27.86,-0.59
2026-04-26,1037.69,6.8359,4721.51,4724.0,-2.49,-0.05
2026-04-27,1021.57,6.8228,4657.09,4693.7,-36.61,-0.78
2026-04-28,1010.5,6.8374,4596.79,4608.4,-11.61,-0.25
2026-04-29,1013.36,6.8375,4609.73,4561.5,48.23,1.06
2026-05-05,1026.44,6.8301,4674.29,4568.5,105.79,2.32
2026-05-06,1038.9,6.811,4744.3,4694.3,50.0,1.07
2026-05-07,1036.11,6.8014,4738.23,4710.9,27.33,0.58
2026-05-10,1025.56,6.8005,4690.61,4710.9,-20.29,-0.43
2026-05-11,1028.92,6.7948,4709.92,4728.7,-18.78,-0.4
2026-05-12,1029.29,6.792,4713.56,4686.7,26.86,0.57
2026-05-13,1027.51,6.7908,4706.24,4706.7,-0.46,-0.01
2026-05-14,1003.05,6.7851,4598.07,4685.3,-87.23,-1.86
2026-05-17,998.55,6.8092,4561.24,4685.3,-124.06,-2.65
2026-05-18,998.07,6.8,4565.21,4558.0,7.21,0.16
2026-05-19,983.69,6.8145,4489.86,4511.2,-21.34,-0.47
2026-05-20,992.5,6.8005,4539.4,4535.3,4.1,0.09
2026-05-21,992.31,6.8025,4537.2,4542.5,-5.3,-0.12
2026-05-24,997.85,6.7945,4567.9,4542.5,25.4,0.56
2026-05-25,991.92,6.7945,4540.76,4542.5,-1.74,-0.04
2026-05-26,981.19,6.786,4497.26,4502.3,-5.04,-0.11
2026-05-27,958.82,6.7788,4399.4,4448.4,-49.0,-1.1
2026-05-28,985.98,6.7795,4523.55,4499.3,24.25,0.54
2026-05-31,981.24,6.7662,4510.65,4499.3,11.35,0.25
2026-06-01,987.34,6.765,4539.5,4506.3,33.2,0.74
2026-06-02,975.0,6.7622,4484.62,4519.9,-35.28,-0.78
2026-06-03,974.87,6.7692,4479.38,4466.9,12.48,0.28
2026-06-04,971.11,6.7735,4459.27,4505.0,-45.73,-1.01
2026-06-07,939.8,6.7655,4320.6,4505.0,-184.4,-4.09
2026-06-08,945.66,6.7655,4347.54,4363.4,-15.86,-0.36
2026-06-09,917.44,6.7725,4213.45,4286.4,-72.95,-1.7
2026-06-10,893.06,6.7725,4101.48,4133.3,-31.82,-0.77
2026-06-11,908.64,6.7755,4171.18,4114.0,57.18,1.39
2026-06-14,936.39,6.766,4304.61,4114.0,190.61,4.63
2026-06-15,940.34,6.757,4328.53,4351.6,-23.08,-0.53
2026-06-16,940.33,6.7572,4328.35,4354.4,-26.05,-0.6
2026-06-17,935.58,6.7572,4306.49,4381.4,-74.91,-1.71
2026-06-21,915.68,6.7686,4207.79,4381.4,-173.61,-3.96
2026-06-22,897.32,6.7745,4119.83,4202.7,-82.87,-1.97
2026-06-23,894.82,6.79,4098.97,4149.4,-50.43,-1.22
2026-06-24,870.36,6.79,3986.93,4008.8,-21.87,-0.55
2026-06-25,880.71,6.79,4034.34,4047.6,-13.26,-0.33
2026-06-28,886.87,6.798,4057.77,4047.6,10.17,0.25
2026-06-29,879.06,6.7936,4024.64,4038.9,-14.26,-0.35
2026-06-30,867.23,6.7936,3970.48,4038.5,-68.02,-1.68
2026-07-01,888.61,6.7942,4068.01,4082.4,-14.39,-0.35
2026-07-02,909.92,6.7886,4169.0,4125.7,43.3,1.05
2026-07-05,906.68,6.7886,4154.16,4125.7,28.46,0.69
2026-07-06,902.7,6.7958,4131.54,4167.5,-35.96,-0.86
2026-07-07,901.03,6.7934,4125.35,4157.4,-32.05,-0.77
2026-07-08,897.58,6.8025,4104.06,4082.4,21.66,0.53
2026-07-09,897.25,6.7921,4108.83,4140.8,-31.97,-0.77
2026-07-12,884.84,6.7766,4061.27,4140.8,-79.53,-1.92
2026-07-13,878.9,6.7795,4032.28,4005.7,26.58,0.66
2026-07-14,878.82,6.77,4037.57,4069.7,-32.13,-0.79
2026-07-15,878.07,6.7682,4035.2,4051.8,-16.6,-0.41
2026-07-16,872.37,6.7725,4006.46,3992.1,14.36,0.36
2026-07-19,873.46,6.7725,4011.46,3992.1,19.36,0.49
2026-07-20,888.94,6.7725,4082.56,4015.9,66.66,1.66
2026-07-21,897.76,6.7656,4127.27,4076.4,50.87,1.25
2026-07-22,896.63,6.7725,4117.88,4151.9,-34.02,-0.82
2026-07-23,881.09,6.7725,4046.51,4050.2,-3.69,-0.09
2026-07-26,893.19,6.7718,4102.5,4050.2,52.3,1.29
2026-07-27,882.55,6.7657,4057.29,4077.0,-19.71,-0.48
2026-07-28,881.35,6.771,4048.6,4038.7,9.9,0.25
2026-07-29,878.99,6.7661,4040.68,4036.3,4.38,0.11
2026-07-30,885.33,6.755,4076.51,4100.1,-23.59,-0.58
2026-08-02,884.23,6.7509,4073.92,4100.1,-26.18,-0.64
2026-08-03,883.88,6.7523,4071.46,4090.5,-19.04,-0.47
2026-08-04,907.05,6.7532,4177.64,4152.6,25.04,0.6
2026-08-05,923.43,6.7497,4255.28,4305.2,-49.92,-1.16
2026-08-06,932.83,6.7488,4299.17,4299.6,-0.43,-0.01
2026-08-09,945.22,6.7474,4357.18,4299.6,57.58,1.34
2026-08-10,946.95,6.7474,4365.15,4419.7,-54.55,-1.23
2026-08-11,955.85,6.745,4407.75,4441.1,-33.35,-0.75
2026-08-12,950.18,6.7433,4382.71,4467.5,-84.79,-1.9
2026-08-13,940.03,6.7428,4336.21,4420.4,-84.19,-1.9
2026-08-16,952.98,6.7428,4395.95,4420.4,-24.45,-0.55
2026-08-17,953.88,6.7399,4401.99,4473.7,-71.71,-1.6
2026-08-18,943.32,6.7426,4351.52,4420.6,-69.08,-1.56
2026-08-19,969.96,6.7295,4483.12,4545.3,-62.18,-1.37
2026-08-20,984.86,6.7225,4556.72,4571.4,-14.68,-0.32
2026-08-23,1004.41,6.721,4648.21,4571.4,76.81,1.68
2026-08-24,1002.3,6.7219,4637.83,4697.8,-59.97,-1.28
2026-08-25,1000.12,6.7203,4628.84,4694.5,-65.66,-1.4
2026-08-26,993.37,6.7225,4596.1,4653.3,-57.2,-1.23
2026-08-27,995.35,6.7225,4605.26,4664.0,-58.74,-1.26
2026-08-30,959.97,6.726,4439.25,4664.0,-224.75,-4.82
2026-08-31,958.5,6.726,4432.45,4481.5,-49.05,-1.09
2026-09-01,935.4,6.7202,4329.36,4396.4,-67.04,-1.52
2026-09-02,956.67,6.719,4428.6,4414.6,14.0,0.32
2026-09-03,963.44,6.719,4459.94,4539.9,-79.96,-1.76
2026-09-06,949.09,6.7108,4398.88,4539.9,-141.02,-3.11
2026-09-07,951.22,6.7108,4408.75,4539.9,-131.15,-2.89
2026-09-08,949.93,6.7105,4402.97,4439.0,-36.03,-0.81
2026-09-09,953.79,6.7105,4420.86,4460.7,-39.84,-0.89
2026-09-10,940.46,6.7061,4361.94,4407.3,-45.36,-1.03
2026-09-13,933.32,6.708,4327.59,4407.3,-79.71,-1.81
2026-09-14,928.49,6.7082,4305.07,4351.9,-46.83,-1.08
